conversation_id,profile_id,role,content,turn,position,O,C,E,A,N,optimized
10476,profile_1,user,Hi there! I'd love to reserve some tickets for an event.,0,0,"{0.33:[0.28, 0.29, 0.25, 0.28, 0.25, 0.29]}","{0.45:[0.43, 0.55, 0.48, 0.46, 0.49, 0.52]}","{0.45:[0.8, 0.48, 0.42, 0.42, 0.39, 0.4]}","{0.65:[0.74, 0.68, 0.67, 0.58, 0.7, 0.58]}","{0.3:[0.4, 0.34, 0.41, 0.32, 0.36, 0.16]}",False
10476,profile_1,assistant,Absolutely! Do you have a specific date and event in mind? How many tickets would you like?,0,1,"{0.33:[0.28, 0.29, 0.25, 0.28, 0.25, 0.29]}","{0.45:[0.43, 0.55, 0.48, 0.46, 0.49, 0.52]}","{0.45:[0.8, 0.48, 0.42, 0.42, 0.39, 0.4]}","{0.65:[0.74, 0.68, 0.67, 0.58, 0.7, 0.58]}","{0.3:[0.4, 0.34, 0.41, 0.32, 0.36, 0.16]}",False
10476,profile_1,user,I’m looking for three tickets for Brown Sabbath on March 11th.,1,2,"{0.33:[0.28, 0.29, 0.25, 0.28, 0.25, 0.29]}","{0.45:[0.43, 0.55, 0.48, 0.46, 0.49, 0.52]}","{0.45:[0.8, 0.48, 0.42, 0.42, 0.39, 0.4]}","{0.65:[0.74, 0.68, 0.67, 0.58, 0.7, 0.58]}","{0.3:[0.4, 0.34, 0.41, 0.32, 0.36, 0.16]}",False
10476,profile_1,assistant,Sounds exciting! Which city should I search for this event?,1,3,"{0.33:[0.28, 0.29, 0.25, 0.28, 0.25, 0.29]}","{0.45:[0.43, 0.55, 0.48, 0.46, 0.49, 0.52]}","{0.45:[0.8, 0.48, 0.42, 0.42, 0.39, 0.4]}","{0.65:[0.74, 0.68, 0.67, 0.58, 0.7, 0.58]}","{0.3:[0.4, 0.34, 0.41, 0.32, 0.36, 0.16]}",False
10476,profile_1,user,"Could you look for events around Anaheim, please?",2,4,"{0.33:[0.28, 0.29, 0.25, 0.28, 0.25, 0.29]}","{0.45:[0.43, 0.55, 0.48, 0.46, 0.49, 0.52]}","{0.45:[0.8, 0.48, 0.42, 0.42, 0.39, 0.4]}","{0.65:[0.74, 0.68, 0.67, 0.58, 0.7, 0.58]}","{0.3:[0.4, 0.34, 0.41, 0.32, 0.36, 0.16]}",False
10476,profile_1,assistant,"Of course! Just to confirm, you want 3 tickets for the Brown Sabbath event on March 11th in Anaheim, correct?",2,5,"{0.33:[0.28, 0.29, 0.25, 0.28, 0.25, 0.29]}","{0.45:[0.43, 0.55, 0.48, 0.46, 0.49, 0.52]}","{0.45:[0.8, 0.48, 0.42, 0.42, 0.39, 0.4]}","{0.65:[0.74, 0.68, 0.67, 0.58, 0.7, 0.58]}","{0.3:[0.4, 0.34, 0.41, 0.32, 0.36, 0.16]}",False
10476,profile_1,user,"Yes, that will be perfect!",3,6,"{0.33:[0.28, 0.29, 0.25, 0.28, 0.25, 0.29]}","{0.45:[0.43, 0.55, 0.48, 0.46, 0.49, 0.52]}","{0.45:[0.8, 0.48, 0.42, 0.42, 0.39, 0.4]}","{0.65:[0.74, 0.68, 0.67, 0.58, 0.7, 0.58]}","{0.3:[0.4, 0.34, 0.41, 0.32, 0.36, 0.16]}",False
10476,profile_1,assistant,Wonderful! Your reservation is confirmed. I hope you have an amazing time at the event!,3,7,"{0.33:[0.28, 0.29, 0.25, 0.28, 0.25, 0.29]}","{0.45:[0.43, 0.55, 0.48, 0.46, 0.49, 0.52]}","{0.45:[0.8, 0.48, 0.42, 0.42, 0.39, 0.4]}","{0.65:[0.74, 0.68, 0.67, 0.58, 0.7, 0.58]}","{0.3:[0.4, 0.34, 0.41, 0.32, 0.36, 0.16]}",False
10476,profile_1,user,Thank you so much for your help!,4,8,"{0.33:[0.28, 0.29, 0.25, 0.28, 0.25, 0.29]}","{0.45:[0.43, 0.55, 0.48, 0.46, 0.49, 0.52]}","{0.45:[0.8, 0.48, 0.42, 0.42, 0.39, 0.4]}","{0.65:[0.74, 0.68, 0.67, 0.58, 0.7, 0.58]}","{0.3:[0.4, 0.34, 0.41, 0.32, 0.36, 0.16]}",False
10476,profile_1,assistant,You're welcome! Is there anything else I can assist you with today?,4,9,"{0.33:[0.28, 0.29, 0.25, 0.28, 0.25, 0.29]}","{0.45:[0.43, 0.55, 0.48, 0.46, 0.49, 0.52]}","{0.45:[0.8, 0.48, 0.42, 0.42, 0.39, 0.4]}","{0.65:[0.74, 0.68, 0.67, 0.58, 0.7, 0.58]}","{0.3:[0.4, 0.34, 0.41, 0.32, 0.36, 0.16]}",False
10476,profile_1,user,"No, that’s all for now, thank you!",5,10,"{0.33:[0.28, 0.29, 0.25, 0.28, 0.25, 0.29]}","{0.45:[0.43, 0.55, 0.48, 0.46, 0.49, 0.52]}","{0.45:[0.8, 0.48, 0.42, 0.42, 0.39, 0.4]}","{0.65:[0.74, 0.68, 0.67, 0.58, 0.7, 0.58]}","{0.3:[0.4, 0.34, 0.41, 0.32, 0.36, 0.16]}",False
10476,profile_1,assistant,Great! Have a fantastic day!,5,11,"{0.33:[0.28, 0.29, 0.25, 0.28, 0.25, 0.29]}","{0.45:[0.43, 0.55, 0.48, 0.46, 0.49, 0.52]}","{0.45:[0.8, 0.48, 0.42, 0.42, 0.39, 0.4]}","{0.65:[0.74, 0.68, 0.67, 0.58, 0.7, 0.58]}","{0.3:[0.4, 0.34, 0.41, 0.32, 0.36, 0.16]}",False
10476,profile_1,user,Hi there! I'd love to reserve some tickets for an event.,0,0,"{0.33:[0.28, 0.29, 0.25, 0.28, 0.25, 0.29]}","{0.45:[0.43, 0.55, 0.48, 0.46, 0.49, 0.52]}","{0.45:[0.8, 0.48, 0.42, 0.42, 0.39, 0.4]}","{0.65:[0.74, 0.68, 0.67, 0.58, 0.7, 0.58]}","{0.3:[0.4, 0.34, 0.41, 0.32, 0.36, 0.16]}",True
10476,profile_1,assistant,"Sure, I'd be happy to help with that. Do you have a specific date and event in mind?",0,1,"{0.33:[0.28, 0.29, 0.25, 0.28, 0.25, 0.29]}","{0.45:[0.43, 0.55, 0.48, 0.46, 0.49, 0.52]}","{0.45:[0.8, 0.48, 0.42, 0.42, 0.39, 0.4]}","{0.65:[0.74, 0.68, 0.67, 0.58, 0.7, 0.58]}","{0.3:[0.4, 0.34, 0.41, 0.32, 0.36, 0.16]}",True
10476,profile_1,user,I’m looking for three tickets for Brown Sabbath on March 11th.,1,2,"{0.33:[0.28, 0.29, 0.25, 0.28, 0.25, 0.29]}","{0.45:[0.43, 0.55, 0.48, 0.46, 0.49, 0.52]}","{0.45:[0.8, 0.48, 0.42, 0.42, 0.39, 0.4]}","{0.65:[0.74, 0.68, 0.67, 0.58, 0.7, 0.58]}","{0.3:[0.4, 0.34, 0.41, 0.32, 0.36, 0.16]}",True
10476,profile_1,assistant,That sounds like an exciting event! Which city should I search for this event?,1,3,"{0.33:[0.28, 0.29, 0.25, 0.28, 0.25, 0.29]}","{0.45:[0.43, 0.55, 0.48, 0.46, 0.49, 0.52]}","{0.45:[0.8, 0.48, 0.42, 0.42, 0.39, 0.4]}","{0.65:[0.74, 0.68, 0.67, 0.58, 0.7, 0.58]}","{0.3:[0.4, 0.34, 0.41, 0.32, 0.36, 0.16]}",True
10476,profile_1,user,"Could you look for events around Anaheim, please?",2,4,"{0.33:[0.28, 0.29, 0.25, 0.28, 0.25, 0.29]}","{0.45:[0.43, 0.55, 0.48, 0.46, 0.49, 0.52]}","{0.45:[0.8, 0.48, 0.42, 0.42, 0.39, 0.4]}","{0.65:[0.74, 0.68, 0.67, 0.58, 0.7, 0.58]}","{0.3:[0.4, 0.34, 0.41, 0.32, 0.36, 0.16]}",True
10476,profile_1,assistant,"Of course! Just to confirm, you’d like 3 tickets for the Brown Sabbath event on March 11th in Anaheim, correct?",2,5,"{0.33:[0.28, 0.29, 0.25, 0.28, 0.25, 0.29]}","{0.45:[0.43, 0.55, 0.48, 0.46, 0.49, 0.52]}","{0.45:[0.8, 0.48, 0.42, 0.42, 0.39, 0.4]}","{0.65:[0.74, 0.68, 0.67, 0.58, 0.7, 0.58]}","{0.3:[0.4, 0.34, 0.41, 0.32, 0.36, 0.16]}",True
10476,profile_1,user,"Yes, that will be perfect!",3,6,"{0.33:[0.28, 0.29, 0.25, 0.28, 0.25, 0.29]}","{0.45:[0.43, 0.55, 0.48, 0.46, 0.49, 0.52]}","{0.45:[0.8, 0.48, 0.42, 0.42, 0.39, 0.4]}","{0.65:[0.74, 0.68, 0.67, 0.58, 0.7, 0.58]}","{0.3:[0.4, 0.34, 0.41, 0.32, 0.36, 0.16]}",True
10476,profile_1,assistant,"Excellent! Your reservation is set. Enjoy the event! If you have any other questions or need further assistance, feel free to ask.",3,7,"{0.33:[0.28, 0.29, 0.25, 0.28, 0.25, 0.29]}","{0.45:[0.43, 0.55, 0.48, 0.46, 0.49, 0.52]}","{0.45:[0.8, 0.48, 0.42, 0.42, 0.39, 0.4]}","{0.65:[0.74, 0.68, 0.67, 0.58, 0.7, 0.58]}","{0.3:[0.4, 0.34, 0.41, 0.32, 0.36, 0.16]}",True
10476,profile_1,user,Thank you so much for your help!,4,8,"{0.33:[0.28, 0.29, 0.25, 0.28, 0.25, 0.29]}","{0.45:[0.43, 0.55, 0.48, 0.46, 0.49, 0.52]}","{0.45:[0.8, 0.48, 0.42, 0.42, 0.39, 0.4]}","{0.65:[0.74, 0.68, 0.67, 0.58, 0.7, 0.58]}","{0.3:[0.4, 0.34, 0.41, 0.32, 0.36, 0.16]}",True
10476,profile_1,assistant,You're very welcome! Is there anything else I can assist you with today?,4,9,"{0.33:[0.28, 0.29, 0.25, 0.28, 0.25, 0.29]}","{0.45:[0.43, 0.55, 0.48, 0.46, 0.49, 0.52]}","{0.45:[0.8, 0.48, 0.42, 0.42, 0.39, 0.4]}","{0.65:[0.74, 0.68, 0.67, 0.58, 0.7, 0.58]}","{0.3:[0.4, 0.34, 0.41, 0.32, 0.36, 0.16]}",True
10476,profile_1,user,"No, that’s all for now, thank you!",5,10,"{0.33:[0.28, 0.29, 0.25, 0.28, 0.25, 0.29]}","{0.45:[0.43, 0.55, 0.48, 0.46, 0.49, 0.52]}","{0.45:[0.8, 0.48, 0.42, 0.42, 0.39, 0.4]}","{0.65:[0.74, 0.68, 0.67, 0.58, 0.7, 0.58]}","{0.3:[0.4, 0.34, 0.41, 0.32, 0.36, 0.16]}",True
10476,profile_1,assistant,Wonderful! Have a fantastic day!,5,11,"{0.33:[0.28, 0.29, 0.25, 0.28, 0.25, 0.29]}","{0.45:[0.43, 0.55, 0.48, 0.46, 0.49, 0.52]}","{0.45:[0.8, 0.48, 0.42, 0.42, 0.39, 0.4]}","{0.65:[0.74, 0.68, 0.67, 0.58, 0.7, 0.58]}","{0.3:[0.4, 0.34, 0.41, 0.32, 0.36, 0.16]}",True
1824,profile_1,user,"I find myself needing a ride, and renting a car seems like a delightful solution to meet that need.",0,0,"{0.63:[0.55, 0.62, 0.62, 0.72, 0.71, 0.58]}","{0.43:[0.44, 0.33, 0.39, 0.33, 0.52, 0.51]}","{0.37:[0.8, 0.37, 0.31, 0.45, 0.44, 0.33]}","{0.49:[0.52, 0.51, 0.42, 0.54, 0.5, 0.55]}","{0.3:[0.15, 0.37, 0.35, 0.31, 0.23, 0.34]}",False
1824,profile_1,assistant,Do you have a vision of when you'd like to return the car?,0,1,"{0.63:[0.55, 0.62, 0.62, 0.72, 0.71, 0.58]}","{0.43:[0.44, 0.33, 0.39, 0.33, 0.52, 0.51]}","{0.37:[0.8, 0.37, 0.31, 0.45, 0.44, 0.33]}","{0.49:[0.52, 0.51, 0.42, 0.54, 0.5, 0.55]}","{0.3:[0.15, 0.37, 0.35, 0.31, 0.23, 0.34]}",False
1824,profile_1,user,"Yes, I'll hold onto it until Thursday next week.",1,2,"{0.63:[0.55, 0.62, 0.62, 0.72, 0.71, 0.58]}","{0.43:[0.44, 0.33, 0.39, 0.33, 0.52, 0.51]}","{0.37:[0.8, 0.37, 0.31, 0.45, 0.44, 0.33]}","{0.49:[0.52, 0.51, 0.42, 0.54, 0.5, 0.55]}","{0.3:[0.15, 0.37, 0.35, 0.31, 0.23, 0.34]}",False
1824,profile_1,assistant,Could you share with me the exact time you'd like to begin your rental adventure?,1,3,"{0.63:[0.55, 0.62, 0.62, 0.72, 0.71, 0.58]}","{0.43:[0.44, 0.33, 0.39, 0.33, 0.52, 0.51]}","{0.37:[0.8, 0.37, 0.31, 0.45, 0.44, 0.33]}","{0.49:[0.52, 0.51, 0.42, 0.54, 0.5, 0.55]}","{0.3:[0.15, 0.37, 0.35, 0.31, 0.23, 0.34]}",False
1824,profile_1,user,I need it at 2 in the afternoon.,2,4,"{0.63:[0.55, 0.62, 0.62, 0.72, 0.71, 0.58]}","{0.43:[0.44, 0.33, 0.39, 0.33, 0.52, 0.51]}","{0.37:[0.8, 0.37, 0.31, 0.45, 0.44, 0.33]}","{0.49:[0.52, 0.51, 0.42, 0.54, 0.5, 0.55]}","{0.3:[0.15, 0.37, 0.35, 0.31, 0.23, 0.34]}",False
1824,profile_1,assistant,Can you provide me with the specific date now?,2,5,"{0.63:[0.55, 0.62, 0.62, 0.72, 0.71, 0.58]}","{0.43:[0.44, 0.33, 0.39, 0.33, 0.52, 0.51]}","{0.37:[0.8, 0.37, 0.31, 0.45, 0.44, 0.33]}","{0.49:[0.52, 0.51, 0.42, 0.54, 0.5, 0.55]}","{0.3:[0.15, 0.37, 0.35, 0.31, 0.23, 0.34]}",False
1824,profile_1,user,I'd like a small car starting on the 5th.,3,6,"{0.63:[0.55, 0.62, 0.62, 0.72, 0.71, 0.58]}","{0.43:[0.44, 0.33, 0.39, 0.33, 0.52, 0.51]}","{0.37:[0.8, 0.37, 0.31, 0.45, 0.44, 0.33]}","{0.49:[0.52, 0.51, 0.42, 0.54, 0.5, 0.55]}","{0.3:[0.15, 0.37, 0.35, 0.31, 0.23, 0.34]}",False
1824,profile_1,assistant,Do you have a particular location in mind for the pickup?,3,7,"{0.63:[0.55, 0.62, 0.62, 0.72, 0.71, 0.58]}","{0.43:[0.44, 0.33, 0.39, 0.33, 0.52, 0.51]}","{0.37:[0.8, 0.37, 0.31, 0.45, 0.44, 0.33]}","{0.49:[0.52, 0.51, 0.42, 0.54, 0.5, 0.55]}","{0.3:[0.15, 0.37, 0.35, 0.31, 0.23, 0.34]}",False
1824,profile_1,user,"Yes, it's Fremont.",4,8,"{0.63:[0.55, 0.62, 0.62, 0.72, 0.71, 0.58]}","{0.43:[0.44, 0.33, 0.39, 0.33, 0.52, 0.51]}","{0.37:[0.8, 0.37, 0.31, 0.45, 0.44, 0.33]}","{0.49:[0.52, 0.51, 0.42, 0.54, 0.5, 0.55]}","{0.3:[0.15, 0.37, 0.35, 0.31, 0.23, 0.34]}",False
1824,profile_1,assistant,"You have a wonderful array of options; I've discovered 6 available cars. One is a compact Chevrolet Bolt, conveniently parked at Fremont BART station from March 5th.",4,9,"{0.63:[0.55, 0.62, 0.62, 0.72, 0.71, 0.58]}","{0.43:[0.44, 0.33, 0.39, 0.33, 0.52, 0.51]}","{0.37:[0.8, 0.37, 0.31, 0.45, 0.44, 0.33]}","{0.49:[0.52, 0.51, 0.42, 0.54, 0.5, 0.55]}","{0.3:[0.15, 0.37, 0.35, 0.31, 0.23, 0.34]}",False
1824,profile_1,user,That sounds perfect. I'll take it.,5,10,"{0.63:[0.55, 0.62, 0.62, 0.72, 0.71, 0.58]}","{0.43:[0.44, 0.33, 0.39, 0.33, 0.52, 0.51]}","{0.37:[0.8, 0.37, 0.31, 0.45, 0.44, 0.33]}","{0.49:[0.52, 0.51, 0.42, 0.54, 0.5, 0.55]}","{0.3:[0.15, 0.37, 0.35, 0.31, 0.23, 0.34]}",False
1824,profile_1,assistant,"Let's finalize this. You are about to rent a compact car starting March 5th at 2 pm until March 7th, located at Fremont BART station.",5,11,"{0.63:[0.55, 0.62, 0.62, 0.72, 0.71, 0.58]}","{0.43:[0.44, 0.33, 0.39, 0.33, 0.52, 0.51]}","{0.37:[0.8, 0.37, 0.31, 0.45, 0.44, 0.33]}","{0.49:[0.52, 0.51, 0.42, 0.54, 0.5, 0.55]}","{0.3:[0.15, 0.37, 0.35, 0.31, 0.23, 0.34]}",False
1824,profile_1,user,That's precisely what I want.,6,12,"{0.63:[0.55, 0.62, 0.62, 0.72, 0.71, 0.58]}","{0.43:[0.44, 0.33, 0.39, 0.33, 0.52, 0.51]}","{0.37:[0.8, 0.37, 0.31, 0.45, 0.44, 0.33]}","{0.49:[0.52, 0.51, 0.42, 0.54, 0.5, 0.55]}","{0.3:[0.15, 0.37, 0.35, 0.31, 0.23, 0.34]}",False
1824,profile_1,assistant,"I assure you, your car is reserved and ready for you.",6,13,"{0.63:[0.55, 0.62, 0.62, 0.72, 0.71, 0.58]}","{0.43:[0.44, 0.33, 0.39, 0.33, 0.52, 0.51]}","{0.37:[0.8, 0.37, 0.31, 0.45, 0.44, 0.33]}","{0.49:[0.52, 0.51, 0.42, 0.54, 0.5, 0.55]}","{0.3:[0.15, 0.37, 0.35, 0.31, 0.23, 0.34]}",False
1824,profile_1,user,"While we're at it, could you help me find an apartment there? My only request is that it has three bedrooms.",7,14,"{0.63:[0.55, 0.62, 0.62, 0.72, 0.71, 0.58]}","{0.43:[0.44, 0.33, 0.39, 0.33, 0.52, 0.51]}","{0.37:[0.8, 0.37, 0.31, 0.45, 0.44, 0.33]}","{0.49:[0.52, 0.51, 0.42, 0.54, 0.5, 0.55]}","{0.3:[0.15, 0.37, 0.35, 0.31, 0.23, 0.34]}",False
1824,profile_1,assistant,"If you drive to 1001 Beethoven Common, you'll find Alborada Apartments. It's a charming property with 3 bedrooms and 2 bathrooms, and the monthly rent is $3,900.",7,15,"{0.63:[0.55, 0.62, 0.62, 0.72, 0.71, 0.58]}","{0.43:[0.44, 0.33, 0.39, 0.33, 0.52, 0.51]}","{0.37:[0.8, 0.37, 0.31, 0.45, 0.44, 0.33]}","{0.49:[0.52, 0.51, 0.42, 0.54, 0.5, 0.55]}","{0.3:[0.15, 0.37, 0.35, 0.31, 0.23, 0.34]}",False
1824,profile_1,user,I love it already! Bye for now.,8,16,"{0.63:[0.55, 0.62, 0.62, 0.72, 0.71, 0.58]}","{0.43:[0.44, 0.33, 0.39, 0.33, 0.52, 0.51]}","{0.37:[0.8, 0.37, 0.31, 0.45, 0.44, 0.33]}","{0.49:[0.52, 0.51, 0.42, 0.54, 0.5, 0.55]}","{0.3:[0.15, 0.37, 0.35, 0.31, 0.23, 0.34]}",False
1824,profile_1,assistant,Have a fantastic day ahead!,8,17,"{0.63:[0.55, 0.62, 0.62, 0.72, 0.71, 0.58]}","{0.43:[0.44, 0.33, 0.39, 0.33, 0.52, 0.51]}","{0.37:[0.8, 0.37, 0.31, 0.45, 0.44, 0.33]}","{0.49:[0.52, 0.51, 0.42, 0.54, 0.5, 0.55]}","{0.3:[0.15, 0.37, 0.35, 0.31, 0.23, 0.34]}",False
1824,profile_1,user,"I need a ride, and renting a car seems like a good solution.",0,0,"{0.63:[0.55, 0.62, 0.62, 0.72, 0.71, 0.58]}","{0.43:[0.44, 0.33, 0.39, 0.33, 0.52, 0.51]}","{0.37:[0.8, 0.37, 0.31, 0.45, 0.44, 0.33]}","{0.49:[0.52, 0.51, 0.42, 0.54, 0.5, 0.55]}","{0.3:[0.15, 0.37, 0.35, 0.31, 0.23, 0.34]}",True
1824,profile_1,assistant,"That sounds like a solid plan! What kind of car do you prefer? Are you looking for something fuel-efficient, stylish, or spacious? We can find the perfect match for your needs.",0,1,"{0.63:[0.55, 0.62, 0.62, 0.72, 0.71, 0.58]}","{0.43:[0.44, 0.33, 0.39, 0.33, 0.52, 0.51]}","{0.37:[0.8, 0.37, 0.31, 0.45, 0.44, 0.33]}","{0.49:[0.52, 0.51, 0.42, 0.54, 0.5, 0.55]}","{0.3:[0.15, 0.37, 0.35, 0.31, 0.23, 0.34]}",True
1824,profile_1,user,I've been thinking about exploring different car options. What do you recommend?,1,2,"{0.63:[0.55, 0.62, 0.62, 0.72, 0.71, 0.58]}","{0.43:[0.44, 0.33, 0.39, 0.33, 0.52, 0.51]}","{0.37:[0.8, 0.37, 0.31, 0.45, 0.44, 0.33]}","{0.49:[0.52, 0.51, 0.42, 0.54, 0.5, 0.55]}","{0.3:[0.15, 0.37, 0.35, 0.31, 0.23, 0.34]}",True
1824,profile_1,assistant,We offer a range of vehicles from compact cars to SUVs. Are you looking for any specific features? When would you like to return the car?,1,3,"{0.63:[0.55, 0.62, 0.62, 0.72, 0.71, 0.58]}","{0.43:[0.44, 0.33, 0.39, 0.33, 0.52, 0.51]}","{0.37:[0.8, 0.37, 0.31, 0.45, 0.44, 0.33]}","{0.49:[0.52, 0.51, 0.42, 0.54, 0.5, 0.55]}","{0.3:[0.15, 0.37, 0.35, 0.31, 0.23, 0.34]}",True
1824,profile_1,user,I'll keep it until Thursday next week.,2,4,"{0.63:[0.55, 0.62, 0.62, 0.72, 0.71, 0.58]}","{0.43:[0.44, 0.33, 0.39, 0.33, 0.52, 0.51]}","{0.37:[0.8, 0.37, 0.31, 0.45, 0.44, 0.33]}","{0.49:[0.52, 0.51, 0.42, 0.54, 0.5, 0.55]}","{0.3:[0.15, 0.37, 0.35, 0.31, 0.23, 0.34]}",True
1824,profile_1,assistant,Great! What time would you like to start your rental?,2,5,"{0.63:[0.55, 0.62, 0.62, 0.72, 0.71, 0.58]}","{0.43:[0.44, 0.33, 0.39, 0.33, 0.52, 0.51]}","{0.37:[0.8, 0.37, 0.31, 0.45, 0.44, 0.33]}","{0.49:[0.52, 0.51, 0.42, 0.54, 0.5, 0.55]}","{0.3:[0.15, 0.37, 0.35, 0.31, 0.23, 0.34]}",True
1824,profile_1,user,I need it at 2 in the afternoon.,3,6,"{0.63:[0.55, 0.62, 0.62, 0.72, 0.71, 0.58]}","{0.43:[0.44, 0.33, 0.39, 0.33, 0.52, 0.51]}","{0.37:[0.8, 0.37, 0.31, 0.45, 0.44, 0.33]}","{0.49:[0.52, 0.51, 0.42, 0.54, 0.5, 0.55]}","{0.3:[0.15, 0.37, 0.35, 0.31, 0.23, 0.34]}",True
1824,profile_1,assistant,Got it! Can you tell me the exact date you'd like to start?,3,7,"{0.63:[0.55, 0.62, 0.62, 0.72, 0.71, 0.58]}","{0.43:[0.44, 0.33, 0.39, 0.33, 0.52, 0.51]}","{0.37:[0.8, 0.37, 0.31, 0.45, 0.44, 0.33]}","{0.49:[0.52, 0.51, 0.42, 0.54, 0.5, 0.55]}","{0.3:[0.15, 0.37, 0.35, 0.31, 0.23, 0.34]}",True
1824,profile_1,user,I'd like a small car starting on the 5th.,4,8,"{0.63:[0.55, 0.62, 0.62, 0.72, 0.71, 0.58]}","{0.43:[0.44, 0.33, 0.39, 0.33, 0.52, 0.51]}","{0.37:[0.8, 0.37, 0.31, 0.45, 0.44, 0.33]}","{0.49:[0.52, 0.51, 0.42, 0.54, 0.5, 0.55]}","{0.3:[0.15, 0.37, 0.35, 0.31, 0.23, 0.34]}",True
1824,profile_1,assistant,Perfect! Where would you like to pick it up?,4,9,"{0.63:[0.55, 0.62, 0.62, 0.72, 0.71, 0.58]}","{0.43:[0.44, 0.33, 0.39, 0.33, 0.52, 0.51]}","{0.37:[0.8, 0.37, 0.31, 0.45, 0.44, 0.33]}","{0.49:[0.52, 0.51, 0.42, 0.54, 0.5, 0.55]}","{0.3:[0.15, 0.37, 0.35, 0.31, 0.23, 0.34]}",True
1824,profile_1,user,Fremont.,5,10,"{0.63:[0.55, 0.62, 0.62, 0.72, 0.71, 0.58]}","{0.43:[0.44, 0.33, 0.39, 0.33, 0.52, 0.51]}","{0.37:[0.8, 0.37, 0.31, 0.45, 0.44, 0.33]}","{0.49:[0.52, 0.51, 0.42, 0.54, 0.5, 0.55]}","{0.3:[0.15, 0.37, 0.35, 0.31, 0.23, 0.34]}",True
1824,profile_1,assistant,There are 6 available cars. One is a compact Chevrolet Bolt at Fremont BART station starting March 5th. The Chevrolet Bolt is a fantastic car. You're going to love it!,5,11,"{0.63:[0.55, 0.62, 0.62, 0.72, 0.71, 0.58]}","{0.43:[0.44, 0.33, 0.39, 0.33, 0.52, 0.51]}","{0.37:[0.8, 0.37, 0.31, 0.45, 0.44, 0.33]}","{0.49:[0.52, 0.51, 0.42, 0.54, 0.5, 0.55]}","{0.3:[0.15, 0.37, 0.35, 0.31, 0.23, 0.34]}",True
1824,profile_1,user,That sounds perfect. I'll take it.,6,12,"{0.63:[0.55, 0.62, 0.62, 0.72, 0.71, 0.58]}","{0.43:[0.44, 0.33, 0.39, 0.33, 0.52, 0.51]}","{0.37:[0.8, 0.37, 0.31, 0.45, 0.44, 0.33]}","{0.49:[0.52, 0.51, 0.42, 0.54, 0.5, 0.55]}","{0.3:[0.15, 0.37, 0.35, 0.31, 0.23, 0.34]}",True
1824,profile_1,assistant,Great choice! Your rental starts March 5th at 2 pm from Fremont BART station. Is there anything else I can help you with to make your trip more enjoyable?,6,13,"{0.63:[0.55, 0.62, 0.62, 0.72, 0.71, 0.58]}","{0.43:[0.44, 0.33, 0.39, 0.33, 0.52, 0.51]}","{0.37:[0.8, 0.37, 0.31, 0.45, 0.44, 0.33]}","{0.49:[0.52, 0.51, 0.42, 0.54, 0.5, 0.55]}","{0.3:[0.15, 0.37, 0.35, 0.31, 0.23, 0.34]}",True
1824,profile_1,user,That's exactly what I want.,7,14,"{0.63:[0.55, 0.62, 0.62, 0.72, 0.71, 0.58]}","{0.43:[0.44, 0.33, 0.39, 0.33, 0.52, 0.51]}","{0.37:[0.8, 0.37, 0.31, 0.45, 0.44, 0.33]}","{0.49:[0.52, 0.51, 0.42, 0.54, 0.5, 0.55]}","{0.3:[0.15, 0.37, 0.35, 0.31, 0.23, 0.34]}",True
1824,profile_1,assistant,Your car is reserved and ready. Is there anything else I can assist you with?,7,15,"{0.63:[0.55, 0.62, 0.62, 0.72, 0.71, 0.58]}","{0.43:[0.44, 0.33, 0.39, 0.33, 0.52, 0.51]}","{0.37:[0.8, 0.37, 0.31, 0.45, 0.44, 0.33]}","{0.49:[0.52, 0.51, 0.42, 0.54, 0.5, 0.55]}","{0.3:[0.15, 0.37, 0.35, 0.31, 0.23, 0.34]}",True
1824,profile_1,user,"While we're at it, could you help me find an apartment there? It needs three bedrooms.",8,16,"{0.63:[0.55, 0.62, 0.62, 0.72, 0.71, 0.58]}","{0.43:[0.44, 0.33, 0.39, 0.33, 0.52, 0.51]}","{0.37:[0.8, 0.37, 0.31, 0.45, 0.44, 0.33]}","{0.49:[0.52, 0.51, 0.42, 0.54, 0.5, 0.55]}","{0.3:[0.15, 0.37, 0.35, 0.31, 0.23, 0.34]}",True
1824,profile_1,assistant,I'd be happy to help! Finding the right apartment can make a big difference in your comfort. Do you have any specific preferences or needs? Alborada Apartments at 1001 Beethoven Common is one option with spacious three-bedroom units and modern facilities.,8,17,"{0.63:[0.55, 0.62, 0.62, 0.72, 0.71, 0.58]}","{0.43:[0.44, 0.33, 0.39, 0.33, 0.52, 0.51]}","{0.37:[0.8, 0.37, 0.31, 0.45, 0.44, 0.33]}","{0.49:[0.52, 0.51, 0.42, 0.54, 0.5, 0.55]}","{0.3:[0.15, 0.37, 0.35, 0.31, 0.23, 0.34]}",True
1824,profile_1,assistant,I love it already! Thank you so much for your help. You're making this so easy for me!,9,17,"{0.63:[0.55, 0.62, 0.62, 0.72, 0.71, 0.58]}","{0.43:[0.44, 0.33, 0.39, 0.33, 0.52, 0.51]}","{0.37:[0.8, 0.37, 0.31, 0.45, 0.44, 0.33]}","{0.49:[0.52, 0.51, 0.42, 0.54, 0.5, 0.55]}","{0.3:[0.15, 0.37, 0.35, 0.31, 0.23, 0.34]}",True
1824,profile_1,assistant,You're very welcome! Have a great day and enjoy your new car and apartment!,10,17,"{0.63:[0.55, 0.62, 0.62, 0.72, 0.71, 0.58]}","{0.43:[0.44, 0.33, 0.39, 0.33, 0.52, 0.51]}","{0.37:[0.8, 0.37, 0.31, 0.45, 0.44, 0.33]}","{0.49:[0.52, 0.51, 0.42, 0.54, 0.5, 0.55]}","{0.3:[0.15, 0.37, 0.35, 0.31, 0.23, 0.34]}",True
1824,profile_1,assistant,Thanks! Bye for now.,11,17,"{0.63:[0.55, 0.62, 0.62, 0.72, 0.71, 0.58]}","{0.43:[0.44, 0.33, 0.39, 0.33, 0.52, 0.51]}","{0.37:[0.8, 0.37, 0.31, 0.45, 0.44, 0.33]}","{0.49:[0.52, 0.51, 0.42, 0.54, 0.5, 0.55]}","{0.3:[0.15, 0.37, 0.35, 0.31, 0.23, 0.34]}",True
1824,profile_1,assistant,Take care and have a wonderful day!,12,17,"{0.63:[0.55, 0.62, 0.62, 0.72, 0.71, 0.58]}","{0.43:[0.44, 0.33, 0.39, 0.33, 0.52, 0.51]}","{0.37:[0.8, 0.37, 0.31, 0.45, 0.44, 0.33]}","{0.49:[0.52, 0.51, 0.42, 0.54, 0.5, 0.55]}","{0.3:[0.15, 0.37, 0.35, 0.31, 0.23, 0.34]}",True
