conversation_id,profile_id,role,content,turn,position,O,C,E,A,N
10476,profile_1,user,I'd love to reserve some tickets for an upcoming event.,0,0,"{0.59:[0.51, 0.55, 0.62, 0.56, 0.56, 0.53]}","{0.7:[0.74, 0.77, 0.76, 0.65, 0.61, 0.66]}","{0.39:[0.8, 0.34, 0.48, 0.42, 0.41, 0.32]}","{0.53:[0.58, 0.46, 0.51, 0.63, 0.56, 0.54]}","{0.3:[0.36, 0.16, 0.22, 0.24, 0.17, 0.22]}"
10476,profile_1,assistant,Absolutely! Do you have a date and an event in mind? And how many tickets would you need?,0,1,"{0.59:[0.51, 0.55, 0.62, 0.56, 0.56, 0.53]}","{0.7:[0.74, 0.77, 0.76, 0.65, 0.61, 0.66]}","{0.39:[0.8, 0.34, 0.48, 0.42, 0.41, 0.32]}","{0.53:[0.58, 0.46, 0.51, 0.63, 0.56, 0.54]}","{0.3:[0.36, 0.16, 0.22, 0.24, 0.17, 0.22]}"
10476,profile_1,user,"Yes, I would like three tickets for the 11th of March for Brown Sabbath. It's going to be an incredible show!",1,2,"{0.59:[0.51, 0.55, 0.62, 0.56, 0.56, 0.53]}","{0.7:[0.74, 0.77, 0.76, 0.65, 0.61, 0.66]}","{0.39:[0.8, 0.34, 0.48, 0.42, 0.41, 0.32]}","{0.53:[0.58, 0.46, 0.51, 0.63, 0.56, 0.54]}","{0.3:[0.36, 0.16, 0.22, 0.24, 0.17, 0.22]}"
10476,profile_1,assistant,That sounds fantastic! Which city should I search for?,1,3,"{0.59:[0.51, 0.55, 0.62, 0.56, 0.56, 0.53]}","{0.7:[0.74, 0.77, 0.76, 0.65, 0.61, 0.66]}","{0.39:[0.8, 0.34, 0.48, 0.42, 0.41, 0.32]}","{0.53:[0.58, 0.46, 0.51, 0.63, 0.56, 0.54]}","{0.3:[0.36, 0.16, 0.22, 0.24, 0.17, 0.22]}"
10476,profile_1,user,"Could you search for events around Anaheim, please? The vibe there is always so lively.",2,4,"{0.59:[0.51, 0.55, 0.62, 0.56, 0.56, 0.53]}","{0.7:[0.74, 0.77, 0.76, 0.65, 0.61, 0.66]}","{0.39:[0.8, 0.34, 0.48, 0.42, 0.41, 0.32]}","{0.53:[0.58, 0.46, 0.51, 0.63, 0.56, 0.54]}","{0.3:[0.36, 0.16, 0.22, 0.24, 0.17, 0.22]}"
10476,profile_1,assistant,"Certainly! Just to confirm, you would like 3 tickets for the Brown Sabbath event on March 11th in Anaheim. Is that correct?",2,5,"{0.59:[0.51, 0.55, 0.62, 0.56, 0.56, 0.53]}","{0.7:[0.74, 0.77, 0.76, 0.65, 0.61, 0.66]}","{0.39:[0.8, 0.34, 0.48, 0.42, 0.41, 0.32]}","{0.53:[0.58, 0.46, 0.51, 0.63, 0.56, 0.54]}","{0.3:[0.36, 0.16, 0.22, 0.24, 0.17, 0.22]}"
10476,profile_1,user,"Yes, that will be perfect!",3,6,"{0.59:[0.51, 0.55, 0.62, 0.56, 0.56, 0.53]}","{0.7:[0.74, 0.77, 0.76, 0.65, 0.61, 0.66]}","{0.39:[0.8, 0.34, 0.48, 0.42, 0.41, 0.32]}","{0.53:[0.58, 0.46, 0.51, 0.63, 0.56, 0.54]}","{0.3:[0.36, 0.16, 0.22, 0.24, 0.17, 0.22]}"
10476,profile_1,assistant,Great! Your reservation is confirmed. I hope you have an amazing time at the event!,3,7,"{0.59:[0.51, 0.55, 0.62, 0.56, 0.56, 0.53]}","{0.7:[0.74, 0.77, 0.76, 0.65, 0.61, 0.66]}","{0.39:[0.8, 0.34, 0.48, 0.42, 0.41, 0.32]}","{0.53:[0.58, 0.46, 0.51, 0.63, 0.56, 0.54]}","{0.3:[0.36, 0.16, 0.22, 0.24, 0.17, 0.22]}"
10476,profile_1,user,Thank you so much for all your help!,4,8,"{0.59:[0.51, 0.55, 0.62, 0.56, 0.56, 0.53]}","{0.7:[0.74, 0.77, 0.76, 0.65, 0.61, 0.66]}","{0.39:[0.8, 0.34, 0.48, 0.42, 0.41, 0.32]}","{0.53:[0.58, 0.46, 0.51, 0.63, 0.56, 0.54]}","{0.3:[0.36, 0.16, 0.22, 0.24, 0.17, 0.22]}"
10476,profile_1,assistant,You're very welcome! Is there anything else I can assist you with today?,4,9,"{0.59:[0.51, 0.55, 0.62, 0.56, 0.56, 0.53]}","{0.7:[0.74, 0.77, 0.76, 0.65, 0.61, 0.66]}","{0.39:[0.8, 0.34, 0.48, 0.42, 0.41, 0.32]}","{0.53:[0.58, 0.46, 0.51, 0.63, 0.56, 0.54]}","{0.3:[0.36, 0.16, 0.22, 0.24, 0.17, 0.22]}"
10476,profile_1,user,"No, but thank you!",5,10,"{0.59:[0.51, 0.55, 0.62, 0.56, 0.56, 0.53]}","{0.7:[0.74, 0.77, 0.76, 0.65, 0.61, 0.66]}","{0.39:[0.8, 0.34, 0.48, 0.42, 0.41, 0.32]}","{0.53:[0.58, 0.46, 0.51, 0.63, 0.56, 0.54]}","{0.3:[0.36, 0.16, 0.22, 0.24, 0.17, 0.22]}"
10476,profile_1,assistant,Have a wonderful day! Enjoy the event!,5,11,"{0.59:[0.51, 0.55, 0.62, 0.56, 0.56, 0.53]}","{0.7:[0.74, 0.77, 0.76, 0.65, 0.61, 0.66]}","{0.39:[0.8, 0.34, 0.48, 0.42, 0.41, 0.32]}","{0.53:[0.58, 0.46, 0.51, 0.63, 0.56, 0.54]}","{0.3:[0.36, 0.16, 0.22, 0.24, 0.17, 0.22]}"
1824,profile_1,user,"Hey there! I need a ride, and I believe renting a car would be the perfect way to fulfill this need.",0,0,"{0.43:[0.51, 0.38, 0.43, 0.37, 0.51, 0.5]}","{0.42:[0.51, 0.5, 0.49, 0.38, 0.33, 0.5]}","{0.74:[0.8, 0.7, 0.77, 0.76, 0.67, 0.79]}","{0.71:[0.72, 0.77, 0.72, 0.61, 0.67, 0.61]}","{0.3:[0.23, 0.34, 0.18, 0.28, 0.29, 0.44]}"
1824,profile_1,assistant,Absolutely! Do you know when you’d like to return it?,0,1,"{0.43:[0.51, 0.38, 0.43, 0.37, 0.51, 0.5]}","{0.42:[0.51, 0.5, 0.49, 0.38, 0.33, 0.5]}","{0.74:[0.8, 0.7, 0.77, 0.76, 0.67, 0.79]}","{0.71:[0.72, 0.77, 0.72, 0.61, 0.67, 0.61]}","{0.3:[0.23, 0.34, 0.18, 0.28, 0.29, 0.44]}"
1824,profile_1,user,"Yes, I’ll keep it until Thursday next week.",1,2,"{0.43:[0.51, 0.38, 0.43, 0.37, 0.51, 0.5]}","{0.42:[0.51, 0.5, 0.49, 0.38, 0.33, 0.5]}","{0.74:[0.8, 0.7, 0.77, 0.76, 0.67, 0.79]}","{0.71:[0.72, 0.77, 0.72, 0.61, 0.67, 0.61]}","{0.3:[0.23, 0.34, 0.18, 0.28, 0.29, 0.44]}"
1824,profile_1,assistant,Great! Can you tell me the starting time of your rental?,1,3,"{0.43:[0.51, 0.38, 0.43, 0.37, 0.51, 0.5]}","{0.42:[0.51, 0.5, 0.49, 0.38, 0.33, 0.5]}","{0.74:[0.8, 0.7, 0.77, 0.76, 0.67, 0.79]}","{0.71:[0.72, 0.77, 0.72, 0.61, 0.67, 0.61]}","{0.3:[0.23, 0.34, 0.18, 0.28, 0.29, 0.44]}"
1824,profile_1,user,I need it at 2 in the afternoon.,2,4,"{0.43:[0.51, 0.38, 0.43, 0.37, 0.51, 0.5]}","{0.42:[0.51, 0.5, 0.49, 0.38, 0.33, 0.5]}","{0.74:[0.8, 0.7, 0.77, 0.76, 0.67, 0.79]}","{0.71:[0.72, 0.77, 0.72, 0.61, 0.67, 0.61]}","{0.3:[0.23, 0.34, 0.18, 0.28, 0.29, 0.44]}"
1824,profile_1,assistant,"Perfect, could you provide me with the date now?",2,5,"{0.43:[0.51, 0.38, 0.43, 0.37, 0.51, 0.5]}","{0.42:[0.51, 0.5, 0.49, 0.38, 0.33, 0.5]}","{0.74:[0.8, 0.7, 0.77, 0.76, 0.67, 0.79]}","{0.71:[0.72, 0.77, 0.72, 0.61, 0.67, 0.61]}","{0.3:[0.23, 0.34, 0.18, 0.28, 0.29, 0.44]}"
1824,profile_1,user,"Sure, I’d like a small car starting from the 5th.",3,6,"{0.43:[0.51, 0.38, 0.43, 0.37, 0.51, 0.5]}","{0.42:[0.51, 0.5, 0.49, 0.38, 0.33, 0.5]}","{0.74:[0.8, 0.7, 0.77, 0.76, 0.67, 0.79]}","{0.71:[0.72, 0.77, 0.72, 0.61, 0.67, 0.61]}","{0.3:[0.23, 0.34, 0.18, 0.28, 0.29, 0.44]}"
1824,profile_1,assistant,Got it! Do you have a specific location in mind for the pickup?,3,7,"{0.43:[0.51, 0.38, 0.43, 0.37, 0.51, 0.5]}","{0.42:[0.51, 0.5, 0.49, 0.38, 0.33, 0.5]}","{0.74:[0.8, 0.7, 0.77, 0.76, 0.67, 0.79]}","{0.71:[0.72, 0.77, 0.72, 0.61, 0.67, 0.61]}","{0.3:[0.23, 0.34, 0.18, 0.28, 0.29, 0.44]}"
1824,profile_1,user,"Yes, it’s Fremont.",4,8,"{0.43:[0.51, 0.38, 0.43, 0.37, 0.51, 0.5]}","{0.42:[0.51, 0.5, 0.49, 0.38, 0.33, 0.5]}","{0.74:[0.8, 0.7, 0.77, 0.76, 0.67, 0.79]}","{0.71:[0.72, 0.77, 0.72, 0.61, 0.67, 0.61]}","{0.3:[0.23, 0.34, 0.18, 0.28, 0.29, 0.44]}"
1824,profile_1,assistant,"Wonderful choice! I found six available cars for you. One of them is a compact Chevrolet Bolt, parked at Fremont BART Station starting March 5th.",4,9,"{0.43:[0.51, 0.38, 0.43, 0.37, 0.51, 0.5]}","{0.42:[0.51, 0.5, 0.49, 0.38, 0.33, 0.5]}","{0.74:[0.8, 0.7, 0.77, 0.76, 0.67, 0.79]}","{0.71:[0.72, 0.77, 0.72, 0.61, 0.67, 0.61]}","{0.3:[0.23, 0.34, 0.18, 0.28, 0.29, 0.44]}"
1824,profile_1,user,That sounds ideal. I’ll take it!,5,10,"{0.43:[0.51, 0.38, 0.43, 0.37, 0.51, 0.5]}","{0.42:[0.51, 0.5, 0.49, 0.38, 0.33, 0.5]}","{0.74:[0.8, 0.7, 0.77, 0.76, 0.67, 0.79]}","{0.71:[0.72, 0.77, 0.72, 0.61, 0.67, 0.61]}","{0.3:[0.23, 0.34, 0.18, 0.28, 0.29, 0.44]}"
1824,profile_1,assistant,"Excellent! Just to confirm, you’re renting a compact car from March 5th at 2 PM until March 7th, and the car is at Fremont BART Station. Is that correct?",5,11,"{0.43:[0.51, 0.38, 0.43, 0.37, 0.51, 0.5]}","{0.42:[0.51, 0.5, 0.49, 0.38, 0.33, 0.5]}","{0.74:[0.8, 0.7, 0.77, 0.76, 0.67, 0.79]}","{0.71:[0.72, 0.77, 0.72, 0.61, 0.67, 0.61]}","{0.3:[0.23, 0.34, 0.18, 0.28, 0.29, 0.44]}"
1824,profile_1,user,"Yes, it’s exactly what I want.",6,12,"{0.43:[0.51, 0.38, 0.43, 0.37, 0.51, 0.5]}","{0.42:[0.51, 0.5, 0.49, 0.38, 0.33, 0.5]}","{0.74:[0.8, 0.7, 0.77, 0.76, 0.67, 0.79]}","{0.71:[0.72, 0.77, 0.72, 0.61, 0.67, 0.61]}","{0.3:[0.23, 0.34, 0.18, 0.28, 0.29, 0.44]}"
1824,profile_1,assistant,Fantastic! I can assure you that the car is booked and ready for you.,6,13,"{0.43:[0.51, 0.38, 0.43, 0.37, 0.51, 0.5]}","{0.42:[0.51, 0.5, 0.49, 0.38, 0.33, 0.5]}","{0.74:[0.8, 0.7, 0.77, 0.76, 0.67, 0.79]}","{0.71:[0.72, 0.77, 0.72, 0.61, 0.67, 0.61]}","{0.3:[0.23, 0.34, 0.18, 0.28, 0.29, 0.44]}"
1824,profile_1,user,"By the way, could you help me find an apartment there? I’m looking for one with three bedrooms.",7,14,"{0.43:[0.51, 0.38, 0.43, 0.37, 0.51, 0.5]}","{0.42:[0.51, 0.5, 0.49, 0.38, 0.33, 0.5]}","{0.74:[0.8, 0.7, 0.77, 0.76, 0.67, 0.79]}","{0.71:[0.72, 0.77, 0.72, 0.61, 0.67, 0.61]}","{0.3:[0.23, 0.34, 0.18, 0.28, 0.29, 0.44]}"
1824,profile_1,assistant,"Absolutely! If you drive to 1001 Beethoven Common, you’ll find Alborada Apartments. The property has three bedrooms and two bathrooms, with a monthly rent of $3,900. It’s a beautiful place!",7,15,"{0.43:[0.51, 0.38, 0.43, 0.37, 0.51, 0.5]}","{0.42:[0.51, 0.5, 0.49, 0.38, 0.33, 0.5]}","{0.74:[0.8, 0.7, 0.77, 0.76, 0.67, 0.79]}","{0.71:[0.72, 0.77, 0.72, 0.61, 0.67, 0.61]}","{0.3:[0.23, 0.34, 0.18, 0.28, 0.29, 0.44]}"
1824,profile_1,user,I already love it! Thanks for the help. Bye for now!,8,16,"{0.43:[0.51, 0.38, 0.43, 0.37, 0.51, 0.5]}","{0.42:[0.51, 0.5, 0.49, 0.38, 0.33, 0.5]}","{0.74:[0.8, 0.7, 0.77, 0.76, 0.67, 0.79]}","{0.71:[0.72, 0.77, 0.72, 0.61, 0.67, 0.61]}","{0.3:[0.23, 0.34, 0.18, 0.28, 0.29, 0.44]}"
1824,profile_1,assistant,Enjoy the rest of your day and take care!,8,17,"{0.43:[0.51, 0.38, 0.43, 0.37, 0.51, 0.5]}","{0.42:[0.51, 0.5, 0.49, 0.38, 0.33, 0.5]}","{0.74:[0.8, 0.7, 0.77, 0.76, 0.67, 0.79]}","{0.71:[0.72, 0.77, 0.72, 0.61, 0.67, 0.61]}","{0.3:[0.23, 0.34, 0.18, 0.28, 0.29, 0.44]}"
409,profile_1,user,Can you find a child-friendly place of worship for me?,0,0,"{0.7:[0.76, 0.64, 0.62, 0.69, 0.68, 0.69]}","{0.37:[0.33, 0.32, 0.45, 0.36, 0.44, 0.38]}","{0.55:[0.8, 0.6, 0.58, 0.65, 0.47, 0.53]}","{0.39:[0.36, 0.46, 0.34, 0.33, 0.38, 0.37]}","{0.3:[0.21, 0.19, 0.43, 0.32, 0.29, 0.39]}"
409,profile_1,assistant,Absolutely! Picture a sanctuary where children are greeted with warm smiles and vibrant activities. Where would you like it to be located?,0,1,"{0.7:[0.76, 0.64, 0.62, 0.69, 0.68, 0.69]}","{0.37:[0.33, 0.32, 0.45, 0.36, 0.44, 0.38]}","{0.55:[0.8, 0.6, 0.58, 0.65, 0.47, 0.53]}","{0.39:[0.36, 0.46, 0.34, 0.33, 0.38, 0.37]}","{0.3:[0.21, 0.19, 0.43, 0.32, 0.29, 0.39]}"
409,profile_1,user,"At London, UK.",1,2,"{0.7:[0.76, 0.64, 0.62, 0.69, 0.68, 0.69]}","{0.37:[0.33, 0.32, 0.45, 0.36, 0.44, 0.38]}","{0.55:[0.8, 0.6, 0.58, 0.65, 0.47, 0.53]}","{0.39:[0.36, 0.46, 0.34, 0.33, 0.38, 0.37]}","{0.3:[0.21, 0.19, 0.43, 0.32, 0.29, 0.39]}"
409,profile_1,assistant,"London, the city of timeless charm and diverse cultures! There are 10 such places. One enchanting place of worship I recommend is All Saints, Margaret Street, a haven of history and beauty.",1,3,"{0.7:[0.76, 0.64, 0.62, 0.69, 0.68, 0.69]}","{0.37:[0.33, 0.32, 0.45, 0.36, 0.44, 0.38]}","{0.55:[0.8, 0.6, 0.58, 0.65, 0.47, 0.53]}","{0.39:[0.36, 0.46, 0.34, 0.33, 0.38, 0.37]}","{0.3:[0.21, 0.19, 0.43, 0.32, 0.29, 0.39]}"
409,profile_1,user,Nice. Any others?,2,4,"{0.7:[0.76, 0.64, 0.62, 0.69, 0.68, 0.69]}","{0.37:[0.33, 0.32, 0.45, 0.36, 0.44, 0.38]}","{0.55:[0.8, 0.6, 0.58, 0.65, 0.47, 0.53]}","{0.39:[0.36, 0.46, 0.34, 0.33, 0.38, 0.37]}","{0.3:[0.21, 0.19, 0.43, 0.32, 0.29, 0.39]}"
409,profile_1,assistant,"Indeed! Another gem is All Souls Langham Place, an architectural marvel filled with serene vibes.",2,5,"{0.7:[0.76, 0.64, 0.62, 0.69, 0.68, 0.69]}","{0.37:[0.33, 0.32, 0.45, 0.36, 0.44, 0.38]}","{0.55:[0.8, 0.6, 0.58, 0.65, 0.47, 0.53]}","{0.39:[0.36, 0.46, 0.34, 0.33, 0.38, 0.37]}","{0.3:[0.21, 0.19, 0.43, 0.32, 0.29, 0.39]}"
409,profile_1,user,Is it free? What's the phone number?,3,6,"{0.7:[0.76, 0.64, 0.62, 0.69, 0.68, 0.69]}","{0.37:[0.33, 0.32, 0.45, 0.36, 0.44, 0.38]}","{0.55:[0.8, 0.6, 0.58, 0.65, 0.47, 0.53]}","{0.39:[0.36, 0.46, 0.34, 0.33, 0.38, 0.37]}","{0.3:[0.21, 0.19, 0.43, 0.32, 0.29, 0.39]}"
409,profile_1,assistant,"It's not free, but it's worth every penny for the experience. You can reach them at 20 7580 3522.",3,7,"{0.7:[0.76, 0.64, 0.62, 0.69, 0.68, 0.69]}","{0.37:[0.33, 0.32, 0.45, 0.36, 0.44, 0.38]}","{0.55:[0.8, 0.6, 0.58, 0.65, 0.47, 0.53]}","{0.39:[0.36, 0.46, 0.34, 0.33, 0.38, 0.37]}","{0.3:[0.21, 0.19, 0.43, 0.32, 0.29, 0.39]}"
409,profile_1,user,Good to know. What other attractions are around?,4,8,"{0.7:[0.76, 0.64, 0.62, 0.69, 0.68, 0.69]}","{0.37:[0.33, 0.32, 0.45, 0.36, 0.44, 0.38]}","{0.55:[0.8, 0.6, 0.58, 0.65, 0.47, 0.53]}","{0.39:[0.36, 0.46, 0.34, 0.33, 0.38, 0.37]}","{0.3:[0.21, 0.19, 0.43, 0.32, 0.29, 0.39]}"
409,profile_1,assistant,"Ah, let your spirit be enchanted at BAPS Shri Swaminarayan Mandir London, a stunning temple that radiates peace and divinity.",4,9,"{0.7:[0.76, 0.64, 0.62, 0.69, 0.68, 0.69]}","{0.37:[0.33, 0.32, 0.45, 0.36, 0.44, 0.38]}","{0.55:[0.8, 0.6, 0.58, 0.65, 0.47, 0.53]}","{0.39:[0.36, 0.46, 0.34, 0.33, 0.38, 0.37]}","{0.3:[0.21, 0.19, 0.43, 0.32, 0.29, 0.39]}"
409,profile_1,user,Great to know.,5,10,"{0.7:[0.76, 0.64, 0.62, 0.69, 0.68, 0.69]}","{0.37:[0.33, 0.32, 0.45, 0.36, 0.44, 0.38]}","{0.55:[0.8, 0.6, 0.58, 0.65, 0.47, 0.53]}","{0.39:[0.36, 0.46, 0.34, 0.33, 0.38, 0.37]}","{0.3:[0.21, 0.19, 0.43, 0.32, 0.29, 0.39]}"
409,profile_1,assistant,Is there anything more I can assist you with? Perhaps a whimsical journey through time or space?,5,11,"{0.7:[0.76, 0.64, 0.62, 0.69, 0.68, 0.69]}","{0.37:[0.33, 0.32, 0.45, 0.36, 0.44, 0.38]}","{0.55:[0.8, 0.6, 0.58, 0.65, 0.47, 0.53]}","{0.39:[0.36, 0.46, 0.34, 0.33, 0.38, 0.37]}","{0.3:[0.21, 0.19, 0.43, 0.32, 0.29, 0.39]}"
409,profile_1,user,Can you check for my spare time on Monday next week?,6,12,"{0.7:[0.76, 0.64, 0.62, 0.69, 0.68, 0.69]}","{0.37:[0.33, 0.32, 0.45, 0.36, 0.44, 0.38]}","{0.55:[0.8, 0.6, 0.58, 0.65, 0.47, 0.53]}","{0.39:[0.36, 0.46, 0.34, 0.33, 0.38, 0.37]}","{0.3:[0.21, 0.19, 0.43, 0.32, 0.29, 0.39]}"
409,profile_1,assistant,"Sure! On March 4th, you have a glorious window of free time from 3:30 pm to 9 pm, perfect for a new adventure.",6,13,"{0.7:[0.76, 0.64, 0.62, 0.69, 0.68, 0.69]}","{0.37:[0.33, 0.32, 0.45, 0.36, 0.44, 0.38]}","{0.55:[0.8, 0.6, 0.58, 0.65, 0.47, 0.53]}","{0.39:[0.36, 0.46, 0.34, 0.33, 0.38, 0.37]}","{0.3:[0.21, 0.19, 0.43, 0.32, 0.29, 0.39]}"
409,profile_1,user,Nice to know.,7,14,"{0.7:[0.76, 0.64, 0.62, 0.69, 0.68, 0.69]}","{0.37:[0.33, 0.32, 0.45, 0.36, 0.44, 0.38]}","{0.55:[0.8, 0.6, 0.58, 0.65, 0.47, 0.53]}","{0.39:[0.36, 0.46, 0.34, 0.33, 0.38, 0.37]}","{0.3:[0.21, 0.19, 0.43, 0.32, 0.29, 0.39]}"
409,profile_1,assistant,"Would you like to add an event to your calendar, something that sparks joy and wonder?",7,15,"{0.7:[0.76, 0.64, 0.62, 0.69, 0.68, 0.69]}","{0.37:[0.33, 0.32, 0.45, 0.36, 0.44, 0.38]}","{0.55:[0.8, 0.6, 0.58, 0.65, 0.47, 0.53]}","{0.39:[0.36, 0.46, 0.34, 0.33, 0.38, 0.37]}","{0.3:[0.21, 0.19, 0.43, 0.32, 0.29, 0.39]}"
409,profile_1,user,Not now. Can you find me a cab for 1 to get there? A share ride is okay.,8,16,"{0.7:[0.76, 0.64, 0.62, 0.69, 0.68, 0.69]}","{0.37:[0.33, 0.32, 0.45, 0.36, 0.44, 0.38]}","{0.55:[0.8, 0.6, 0.58, 0.65, 0.47, 0.53]}","{0.39:[0.36, 0.46, 0.34, 0.33, 0.38, 0.37]}","{0.3:[0.21, 0.19, 0.43, 0.32, 0.29, 0.39]}"
409,profile_1,assistant,Of course! A shared cab ride for 1 to the magical BAPS Shri Swaminarayan Mandir London.,8,17,"{0.7:[0.76, 0.64, 0.62, 0.69, 0.68, 0.69]}","{0.37:[0.33, 0.32, 0.45, 0.36, 0.44, 0.38]}","{0.55:[0.8, 0.6, 0.58, 0.65, 0.47, 0.53]}","{0.39:[0.36, 0.46, 0.34, 0.33, 0.38, 0.37]}","{0.3:[0.21, 0.19, 0.43, 0.32, 0.29, 0.39]}"
409,profile_1,user,"Actually, a ride for 3.",9,18,"{0.7:[0.76, 0.64, 0.62, 0.69, 0.68, 0.69]}","{0.37:[0.33, 0.32, 0.45, 0.36, 0.44, 0.38]}","{0.55:[0.8, 0.6, 0.58, 0.65, 0.47, 0.53]}","{0.39:[0.36, 0.46, 0.34, 0.33, 0.38, 0.37]}","{0.3:[0.21, 0.19, 0.43, 0.32, 0.29, 0.39]}"
409,profile_1,assistant,"A ride for 3, to share this delightful journey to BAPS Shri Swaminarayan Mandir London together.",9,19,"{0.7:[0.76, 0.64, 0.62, 0.69, 0.68, 0.69]}","{0.37:[0.33, 0.32, 0.45, 0.36, 0.44, 0.38]}","{0.55:[0.8, 0.6, 0.58, 0.65, 0.47, 0.53]}","{0.39:[0.36, 0.46, 0.34, 0.33, 0.38, 0.37]}","{0.3:[0.21, 0.19, 0.43, 0.32, 0.29, 0.39]}"
409,profile_1,user,Yes. What's the ride length and cost?,10,20,"{0.7:[0.76, 0.64, 0.62, 0.69, 0.68, 0.69]}","{0.37:[0.33, 0.32, 0.45, 0.36, 0.44, 0.38]}","{0.55:[0.8, 0.6, 0.58, 0.65, 0.47, 0.53]}","{0.39:[0.36, 0.46, 0.34, 0.33, 0.38, 0.37]}","{0.3:[0.21, 0.19, 0.43, 0.32, 0.29, 0.39]}"
409,profile_1,assistant,"I've booked the ride for you. The cab will be here soon, and the journey lasts about 17 minutes, costing $12.14. Enjoy the ride and the company!",10,21,"{0.7:[0.76, 0.64, 0.62, 0.69, 0.68, 0.69]}","{0.37:[0.33, 0.32, 0.45, 0.36, 0.44, 0.38]}","{0.55:[0.8, 0.6, 0.58, 0.65, 0.47, 0.53]}","{0.39:[0.36, 0.46, 0.34, 0.33, 0.38, 0.37]}","{0.3:[0.21, 0.19, 0.43, 0.32, 0.29, 0.39]}"
409,profile_1,user,Thanks for helping me out. I need nothing else right now.,11,22,"{0.7:[0.76, 0.64, 0.62, 0.69, 0.68, 0.69]}","{0.37:[0.33, 0.32, 0.45, 0.36, 0.44, 0.38]}","{0.55:[0.8, 0.6, 0.58, 0.65, 0.47, 0.53]}","{0.39:[0.36, 0.46, 0.34, 0.33, 0.38, 0.37]}","{0.3:[0.21, 0.19, 0.43, 0.32, 0.29, 0.39]}"
409,profile_1,assistant,My pleasure! Have a fantastic day filled with wonder and joy!,11,23,"{0.7:[0.76, 0.64, 0.62, 0.69, 0.68, 0.69]}","{0.37:[0.33, 0.32, 0.45, 0.36, 0.44, 0.38]}","{0.55:[0.8, 0.6, 0.58, 0.65, 0.47, 0.53]}","{0.39:[0.36, 0.46, 0.34, 0.33, 0.38, 0.37]}","{0.3:[0.21, 0.19, 0.43, 0.32, 0.29, 0.39]}"
12149,profile_1,user,"Hey, I need help finding some songs by Alan Menken.",0,0,"{0.34:[0.36, 0.36, 0.32, 0.36, 0.34, 0.43]}","{0.74:[0.84, 0.65, 0.68, 0.69, 0.83, 0.82]}","{0.69:[0.8, 0.63, 0.73, 0.64, 0.67, 0.72]}","{0.75:[0.71, 0.71, 0.8, 0.66, 0.74, 0.85]}","{0.3:[0.33, 0.35, 0.22, 0.19, 0.42, 0.22]}"
12149,profile_1,assistant,"Of course! I have Kingdom Dance by Alan Menken from the Enredados album, a delightful piece that captures the whimsical spirit of the movie.",0,1,"{0.34:[0.36, 0.36, 0.32, 0.36, 0.34, 0.43]}","{0.74:[0.84, 0.65, 0.68, 0.69, 0.83, 0.82]}","{0.69:[0.8, 0.63, 0.73, 0.64, 0.67, 0.72]}","{0.75:[0.71, 0.71, 0.8, 0.66, 0.74, 0.85]}","{0.3:[0.33, 0.35, 0.22, 0.19, 0.42, 0.22]}"
12149,profile_1,user,"Oh, what music genre is the song?",1,2,"{0.34:[0.36, 0.36, 0.32, 0.36, 0.34, 0.43]}","{0.74:[0.84, 0.65, 0.68, 0.69, 0.83, 0.82]}","{0.69:[0.8, 0.63, 0.73, 0.64, 0.67, 0.72]}","{0.75:[0.71, 0.71, 0.8, 0.66, 0.74, 0.85]}","{0.3:[0.33, 0.35, 0.22, 0.19, 0.42, 0.22]}"
12149,profile_1,assistant,"This enchanting tune falls under the soundtracks genre, a perfect blend of orchestral beauty and storytelling.",1,3,"{0.34:[0.36, 0.36, 0.32, 0.36, 0.34, 0.43]}","{0.74:[0.84, 0.65, 0.68, 0.69, 0.83, 0.82]}","{0.69:[0.8, 0.63, 0.73, 0.64, 0.67, 0.72]}","{0.75:[0.71, 0.71, 0.8, 0.66, 0.74, 0.85]}","{0.3:[0.33, 0.35, 0.22, 0.19, 0.42, 0.22]}"
12149,profile_1,user,"That sounds perfect, can you play that song for me?",2,4,"{0.34:[0.36, 0.36, 0.32, 0.36, 0.34, 0.43]}","{0.74:[0.84, 0.65, 0.68, 0.69, 0.83, 0.82]}","{0.69:[0.8, 0.63, 0.73, 0.64, 0.67, 0.72]}","{0.75:[0.71, 0.71, 0.8, 0.66, 0.74, 0.85]}","{0.3:[0.33, 0.35, 0.22, 0.19, 0.42, 0.22]}"
12149,profile_1,assistant,Absolutely! Would you like to experience Kingdom Dance on your TV for a more immersive experience?,2,5,"{0.34:[0.36, 0.36, 0.32, 0.36, 0.34, 0.43]}","{0.74:[0.84, 0.65, 0.68, 0.69, 0.83, 0.82]}","{0.69:[0.8, 0.63, 0.73, 0.64, 0.67, 0.72]}","{0.75:[0.71, 0.71, 0.8, 0.66, 0.74, 0.85]}","{0.3:[0.33, 0.35, 0.22, 0.19, 0.42, 0.22]}"
12149,profile_1,user,"No, I'd prefer it on the speaker in the kitchen, please.",3,6,"{0.34:[0.36, 0.36, 0.32, 0.36, 0.34, 0.43]}","{0.74:[0.84, 0.65, 0.68, 0.69, 0.83, 0.82]}","{0.69:[0.8, 0.63, 0.73, 0.64, 0.67, 0.72]}","{0.75:[0.71, 0.71, 0.8, 0.66, 0.74, 0.85]}","{0.3:[0.33, 0.35, 0.22, 0.19, 0.42, 0.22]}"
12149,profile_1,assistant,"Got it. You want to enjoy Kingdom Dance on the kitchen speaker, right?",3,7,"{0.34:[0.36, 0.36, 0.32, 0.36, 0.34, 0.43]}","{0.74:[0.84, 0.65, 0.68, 0.69, 0.83, 0.82]}","{0.69:[0.8, 0.63, 0.73, 0.64, 0.67, 0.72]}","{0.75:[0.71, 0.71, 0.8, 0.66, 0.74, 0.85]}","{0.3:[0.33, 0.35, 0.22, 0.19, 0.42, 0.22]}"
12149,profile_1,user,"Yes, that is correct.",4,8,"{0.34:[0.36, 0.36, 0.32, 0.36, 0.34, 0.43]}","{0.74:[0.84, 0.65, 0.68, 0.69, 0.83, 0.82]}","{0.69:[0.8, 0.63, 0.73, 0.64, 0.67, 0.72]}","{0.75:[0.71, 0.71, 0.8, 0.66, 0.74, 0.85]}","{0.3:[0.33, 0.35, 0.22, 0.19, 0.42, 0.22]}"
12149,profile_1,assistant,Wonderful choice! Your song is now playing on the kitchen speaker. Enjoy the magical melodies!,4,9,"{0.34:[0.36, 0.36, 0.32, 0.36, 0.34, 0.43]}","{0.74:[0.84, 0.65, 0.68, 0.69, 0.83, 0.82]}","{0.69:[0.8, 0.63, 0.73, 0.64, 0.67, 0.72]}","{0.75:[0.71, 0.71, 0.8, 0.66, 0.74, 0.85]}","{0.3:[0.33, 0.35, 0.22, 0.19, 0.42, 0.22]}"
12149,profile_1,user,Thank you so much.,5,10,"{0.34:[0.36, 0.36, 0.32, 0.36, 0.34, 0.43]}","{0.74:[0.84, 0.65, 0.68, 0.69, 0.83, 0.82]}","{0.69:[0.8, 0.63, 0.73, 0.64, 0.67, 0.72]}","{0.75:[0.71, 0.71, 0.8, 0.66, 0.74, 0.85]}","{0.3:[0.33, 0.35, 0.22, 0.19, 0.42, 0.22]}"
12149,profile_1,assistant,You're welcome! Is there anything else I can assist you with today?,5,11,"{0.34:[0.36, 0.36, 0.32, 0.36, 0.34, 0.43]}","{0.74:[0.84, 0.65, 0.68, 0.69, 0.83, 0.82]}","{0.69:[0.8, 0.63, 0.73, 0.64, 0.67, 0.72]}","{0.75:[0.71, 0.71, 0.8, 0.66, 0.74, 0.85]}","{0.3:[0.33, 0.35, 0.22, 0.19, 0.42, 0.22]}"
12149,profile_1,user,"No, that will be all for today.",6,12,"{0.34:[0.36, 0.36, 0.32, 0.36, 0.34, 0.43]}","{0.74:[0.84, 0.65, 0.68, 0.69, 0.83, 0.82]}","{0.69:[0.8, 0.63, 0.73, 0.64, 0.67, 0.72]}","{0.75:[0.71, 0.71, 0.8, 0.66, 0.74, 0.85]}","{0.3:[0.33, 0.35, 0.22, 0.19, 0.42, 0.22]}"
12149,profile_1,assistant,"Alright, have a fantastic day filled with wonderful music and joy!",6,13,"{0.34:[0.36, 0.36, 0.32, 0.36, 0.34, 0.43]}","{0.74:[0.84, 0.65, 0.68, 0.69, 0.83, 0.82]}","{0.69:[0.8, 0.63, 0.73, 0.64, 0.67, 0.72]}","{0.75:[0.71, 0.71, 0.8, 0.66, 0.74, 0.85]}","{0.3:[0.33, 0.35, 0.22, 0.19, 0.42, 0.22]}"
4506,profile_1,user,"I'm looking for a one-way flight, please.",0,0,"{0.67:[0.74, 0.69, 0.6, 0.6, 0.63, 0.75]}","{0.49:[0.58, 0.56, 0.59, 0.55, 0.57, 0.39]}","{0.42:[0.8, 0.48, 0.49, 0.5, 0.36, 0.37]}","{0.69:[0.61, 0.75, 0.77, 0.67, 0.71, 0.62]}","{0.3:[0.28, 0.15, 0.17, 0.41, 0.42, 0.31]}"
4506,profile_1,assistant,"Certainly! When do you plan to embark on this journey, and what is your magical destination?",0,1,"{0.67:[0.74, 0.69, 0.6, 0.6, 0.63, 0.75]}","{0.49:[0.58, 0.56, 0.59, 0.55, 0.57, 0.39]}","{0.42:[0.8, 0.48, 0.49, 0.5, 0.36, 0.37]}","{0.69:[0.61, 0.75, 0.77, 0.67, 0.71, 0.62]}","{0.3:[0.28, 0.15, 0.17, 0.41, 0.42, 0.31]}"
4506,profile_1,user,I will be traveling to the enchanting city of San Francisco next Monday.,1,2,"{0.67:[0.74, 0.69, 0.6, 0.6, 0.63, 0.75]}","{0.49:[0.58, 0.56, 0.59, 0.55, 0.57, 0.39]}","{0.42:[0.8, 0.48, 0.49, 0.5, 0.36, 0.37]}","{0.69:[0.61, 0.75, 0.77, 0.67, 0.71, 0.62]}","{0.3:[0.28, 0.15, 0.17, 0.41, 0.42, 0.31]}"
4506,profile_1,assistant,From which city will your adventure begin?,1,3,"{0.67:[0.74, 0.69, 0.6, 0.6, 0.63, 0.75]}","{0.49:[0.58, 0.56, 0.59, 0.55, 0.57, 0.39]}","{0.42:[0.8, 0.48, 0.49, 0.5, 0.36, 0.37]}","{0.69:[0.61, 0.75, 0.77, 0.67, 0.71, 0.62]}","{0.3:[0.28, 0.15, 0.17, 0.41, 0.42, 0.31]}"
4506,profile_1,user,I will be departing from Los Angeles.,2,4,"{0.67:[0.74, 0.69, 0.6, 0.6, 0.63, 0.75]}","{0.49:[0.58, 0.56, 0.59, 0.55, 0.57, 0.39]}","{0.42:[0.8, 0.48, 0.49, 0.5, 0.36, 0.37]}","{0.69:[0.61, 0.75, 0.77, 0.67, 0.71, 0.62]}","{0.3:[0.28, 0.15, 0.17, 0.41, 0.42, 0.31]}"
4506,profile_1,assistant,"I found an Alaska Airlines flight with no stops, departing at 5:50 pm. The fare is $96.",2,5,"{0.67:[0.74, 0.69, 0.6, 0.6, 0.63, 0.75]}","{0.49:[0.58, 0.56, 0.59, 0.55, 0.57, 0.39]}","{0.42:[0.8, 0.48, 0.49, 0.5, 0.36, 0.37]}","{0.69:[0.61, 0.75, 0.77, 0.67, 0.71, 0.62]}","{0.3:[0.28, 0.15, 0.17, 0.41, 0.42, 0.31]}"
4506,profile_1,user,"Which airport does it depart from, and what is the arrival time?",3,6,"{0.67:[0.74, 0.69, 0.6, 0.6, 0.63, 0.75]}","{0.49:[0.58, 0.56, 0.59, 0.55, 0.57, 0.39]}","{0.42:[0.8, 0.48, 0.49, 0.5, 0.36, 0.37]}","{0.69:[0.61, 0.75, 0.77, 0.67, 0.71, 0.62]}","{0.3:[0.28, 0.15, 0.17, 0.41, 0.42, 0.31]}"
4506,profile_1,assistant,This flight will whisk you away from Los Angeles International Airport (LAX) and gracefully land at San Francisco International Airport (SFO) at 7:15 pm.,3,7,"{0.67:[0.74, 0.69, 0.6, 0.6, 0.63, 0.75]}","{0.49:[0.58, 0.56, 0.59, 0.55, 0.57, 0.39]}","{0.42:[0.8, 0.48, 0.49, 0.5, 0.36, 0.37]}","{0.69:[0.61, 0.75, 0.77, 0.67, 0.71, 0.62]}","{0.3:[0.28, 0.15, 0.17, 0.41, 0.42, 0.31]}"
4506,profile_1,user,That sounds wonderful.,4,8,"{0.67:[0.74, 0.69, 0.6, 0.6, 0.63, 0.75]}","{0.49:[0.58, 0.56, 0.59, 0.55, 0.57, 0.39]}","{0.42:[0.8, 0.48, 0.49, 0.5, 0.36, 0.37]}","{0.69:[0.61, 0.75, 0.77, 0.67, 0.71, 0.62]}","{0.3:[0.28, 0.15, 0.17, 0.41, 0.42, 0.31]}"
4506,profile_1,assistant,Is there anything else I can assist you with?,4,9,"{0.67:[0.74, 0.69, 0.6, 0.6, 0.63, 0.75]}","{0.49:[0.58, 0.56, 0.59, 0.55, 0.57, 0.39]}","{0.42:[0.8, 0.48, 0.49, 0.5, 0.36, 0.37]}","{0.69:[0.61, 0.75, 0.77, 0.67, 0.71, 0.62]}","{0.3:[0.28, 0.15, 0.17, 0.41, 0.42, 0.31]}"
4506,profile_1,user,Could you find a round-trip flight as well?,5,10,"{0.67:[0.74, 0.69, 0.6, 0.6, 0.63, 0.75]}","{0.49:[0.58, 0.56, 0.59, 0.55, 0.57, 0.39]}","{0.42:[0.8, 0.48, 0.49, 0.5, 0.36, 0.37]}","{0.69:[0.61, 0.75, 0.77, 0.67, 0.71, 0.62]}","{0.3:[0.28, 0.15, 0.17, 0.41, 0.42, 0.31]}"
4506,profile_1,assistant,Of course! When would you like to return?,5,11,"{0.67:[0.74, 0.69, 0.6, 0.6, 0.63, 0.75]}","{0.49:[0.58, 0.56, 0.59, 0.55, 0.57, 0.39]}","{0.42:[0.8, 0.48, 0.49, 0.5, 0.36, 0.37]}","{0.69:[0.61, 0.75, 0.77, 0.67, 0.71, 0.62]}","{0.3:[0.28, 0.15, 0.17, 0.41, 0.42, 0.31]}"
4506,profile_1,user,I wish to come back home on Wednesday next week.,6,12,"{0.67:[0.74, 0.69, 0.6, 0.6, 0.63, 0.75]}","{0.49:[0.58, 0.56, 0.59, 0.55, 0.57, 0.39]}","{0.42:[0.8, 0.48, 0.49, 0.5, 0.36, 0.37]}","{0.69:[0.61, 0.75, 0.77, 0.67, 0.71, 0.62]}","{0.3:[0.28, 0.15, 0.17, 0.41, 0.42, 0.31]}"
4506,profile_1,assistant,"I have discovered an Alaska Airlines flight for $102. The outbound journey departs at 5:50 pm, and your return flight is at 8:20 pm.",6,13,"{0.67:[0.74, 0.69, 0.6, 0.6, 0.63, 0.75]}","{0.49:[0.58, 0.56, 0.59, 0.55, 0.57, 0.39]}","{0.42:[0.8, 0.48, 0.49, 0.5, 0.36, 0.37]}","{0.69:[0.61, 0.75, 0.77, 0.67, 0.71, 0.62]}","{0.3:[0.28, 0.15, 0.17, 0.41, 0.42, 0.31]}"
4506,profile_1,user,That sounds perfect. Could you please book one ticket in Economy?,7,14,"{0.67:[0.74, 0.69, 0.6, 0.6, 0.63, 0.75]}","{0.49:[0.58, 0.56, 0.59, 0.55, 0.57, 0.39]}","{0.42:[0.8, 0.48, 0.49, 0.5, 0.36, 0.37]}","{0.69:[0.61, 0.75, 0.77, 0.67, 0.71, 0.62]}","{0.3:[0.28, 0.15, 0.17, 0.41, 0.42, 0.31]}"
4506,profile_1,assistant,"To confirm, you need one Economy class ticket on Alaska Airlines from Los Angeles to San Francisco, departing next Monday at 5:50 pm and returning the following Wednesday at 8:20 pm, correct?",7,15,"{0.67:[0.74, 0.69, 0.6, 0.6, 0.63, 0.75]}","{0.49:[0.58, 0.56, 0.59, 0.55, 0.57, 0.39]}","{0.42:[0.8, 0.48, 0.49, 0.5, 0.36, 0.37]}","{0.69:[0.61, 0.75, 0.77, 0.67, 0.71, 0.62]}","{0.3:[0.28, 0.15, 0.17, 0.41, 0.42, 0.31]}"
4506,profile_1,user,"Yes, that's exactly right. Is it refundable? And when does the return flight arrive?",8,16,"{0.67:[0.74, 0.69, 0.6, 0.6, 0.63, 0.75]}","{0.49:[0.58, 0.56, 0.59, 0.55, 0.57, 0.39]}","{0.42:[0.8, 0.48, 0.49, 0.5, 0.36, 0.37]}","{0.69:[0.61, 0.75, 0.77, 0.67, 0.71, 0.62]}","{0.3:[0.28, 0.15, 0.17, 0.41, 0.42, 0.31]}"
4506,profile_1,assistant,The ticket is non-refundable and your return flight will arrive at 9:50 pm.,8,17,"{0.67:[0.74, 0.69, 0.6, 0.6, 0.63, 0.75]}","{0.49:[0.58, 0.56, 0.59, 0.55, 0.57, 0.39]}","{0.42:[0.8, 0.48, 0.49, 0.5, 0.36, 0.37]}","{0.69:[0.61, 0.75, 0.77, 0.67, 0.71, 0.62]}","{0.3:[0.28, 0.15, 0.17, 0.41, 0.42, 0.31]}"
4506,profile_1,user,"Thank you, that will be all.",9,18,"{0.67:[0.74, 0.69, 0.6, 0.6, 0.63, 0.75]}","{0.49:[0.58, 0.56, 0.59, 0.55, 0.57, 0.39]}","{0.42:[0.8, 0.48, 0.49, 0.5, 0.36, 0.37]}","{0.69:[0.61, 0.75, 0.77, 0.67, 0.71, 0.62]}","{0.3:[0.28, 0.15, 0.17, 0.41, 0.42, 0.31]}"
4506,profile_1,assistant,You're very welcome! Safe travels and see you soon!,9,19,"{0.67:[0.74, 0.69, 0.6, 0.6, 0.63, 0.75]}","{0.49:[0.58, 0.56, 0.59, 0.55, 0.57, 0.39]}","{0.42:[0.8, 0.48, 0.49, 0.5, 0.36, 0.37]}","{0.69:[0.61, 0.75, 0.77, 0.67, 0.71, 0.62]}","{0.3:[0.28, 0.15, 0.17, 0.41, 0.42, 0.31]}"
4012,profile_1,user,I'm feeling a bit restless. Can you suggest something exciting to do?,0,0,"{0.61:[0.56, 0.65, 0.51, 0.7, 0.62, 0.65]}","{0.47:[0.45, 0.45, 0.43, 0.4, 0.45, 0.56]}","{0.73:[0.8, 0.78, 0.76, 0.7, 0.64, 0.76]}","{0.68:[0.65, 0.64, 0.75, 0.72, 0.64, 0.64]}","{0.3:[0.37, 0.24, 0.33, 0.3, 0.27, 0.32]}"
4012,profile_1,assistant,Certainly! Are you in the mood for an enchanting music event or perhaps an exhilarating sports activity?,0,1,"{0.61:[0.56, 0.65, 0.51, 0.7, 0.62, 0.65]}","{0.47:[0.45, 0.45, 0.43, 0.4, 0.45, 0.56]}","{0.73:[0.8, 0.78, 0.76, 0.7, 0.64, 0.76]}","{0.68:[0.65, 0.64, 0.75, 0.72, 0.64, 0.64]}","{0.3:[0.37, 0.24, 0.33, 0.3, 0.27, 0.32]}"
4012,profile_1,user,Music sounds delightful.,1,2,"{0.61:[0.56, 0.65, 0.51, 0.7, 0.62, 0.65]}","{0.47:[0.45, 0.45, 0.43, 0.4, 0.45, 0.56]}","{0.73:[0.8, 0.78, 0.76, 0.7, 0.64, 0.76]}","{0.68:[0.65, 0.64, 0.75, 0.72, 0.64, 0.64]}","{0.3:[0.37, 0.24, 0.33, 0.3, 0.27, 0.32]}"
4012,profile_1,assistant,Wonderful! Which city should we explore for a captivating performance?,1,3,"{0.61:[0.56, 0.65, 0.51, 0.7, 0.62, 0.65]}","{0.47:[0.45, 0.45, 0.43, 0.4, 0.45, 0.56]}","{0.73:[0.8, 0.78, 0.76, 0.7, 0.64, 0.76]}","{0.68:[0.65, 0.64, 0.75, 0.72, 0.64, 0.64]}","{0.3:[0.37, 0.24, 0.33, 0.3, 0.27, 0.32]}"
4012,profile_1,user,Let's look in New York.,2,4,"{0.61:[0.56, 0.65, 0.51, 0.7, 0.62, 0.65]}","{0.47:[0.45, 0.45, 0.43, 0.4, 0.45, 0.56]}","{0.73:[0.8, 0.78, 0.76, 0.7, 0.64, 0.76]}","{0.68:[0.65, 0.64, 0.75, 0.72, 0.64, 0.64]}","{0.3:[0.37, 0.24, 0.33, 0.3, 0.27, 0.32]}"
4012,profile_1,assistant,How about experiencing Amber Run at Warsaw in Brooklyn? It's sure to be a magical evening.,2,5,"{0.61:[0.56, 0.65, 0.51, 0.7, 0.62, 0.65]}","{0.47:[0.45, 0.45, 0.43, 0.4, 0.45, 0.56]}","{0.73:[0.8, 0.78, 0.76, 0.7, 0.64, 0.76]}","{0.68:[0.65, 0.64, 0.75, 0.72, 0.64, 0.64]}","{0.3:[0.37, 0.24, 0.33, 0.3, 0.27, 0.32]}"
4012,profile_1,user,Amber Run? What's that about?,3,6,"{0.61:[0.56, 0.65, 0.51, 0.7, 0.62, 0.65]}","{0.47:[0.45, 0.45, 0.43, 0.4, 0.45, 0.56]}","{0.73:[0.8, 0.78, 0.76, 0.7, 0.64, 0.76]}","{0.68:[0.65, 0.64, 0.75, 0.72, 0.64, 0.64]}","{0.3:[0.37, 0.24, 0.33, 0.3, 0.27, 0.32]}"
4012,profile_1,assistant,It's a pop show that promises to be a mesmerizing musical journey.,3,7,"{0.61:[0.56, 0.65, 0.51, 0.7, 0.62, 0.65]}","{0.47:[0.45, 0.45, 0.43, 0.4, 0.45, 0.56]}","{0.73:[0.8, 0.78, 0.76, 0.7, 0.64, 0.76]}","{0.68:[0.65, 0.64, 0.75, 0.72, 0.64, 0.64]}","{0.3:[0.37, 0.24, 0.33, 0.3, 0.27, 0.32]}"
4012,profile_1,user,"That sounds intriguing. Where exactly is it, and what time does it start?",4,8,"{0.61:[0.56, 0.65, 0.51, 0.7, 0.62, 0.65]}","{0.47:[0.45, 0.45, 0.43, 0.4, 0.45, 0.56]}","{0.73:[0.8, 0.78, 0.76, 0.7, 0.64, 0.76]}","{0.68:[0.65, 0.64, 0.75, 0.72, 0.64, 0.64]}","{0.3:[0.37, 0.24, 0.33, 0.3, 0.27, 0.32]}"
4012,profile_1,assistant,"The show begins at 7:30 pm at Warsaw, located at 261 Driggs Avenue, Brooklyn.",4,9,"{0.61:[0.56, 0.65, 0.51, 0.7, 0.62, 0.65]}","{0.47:[0.45, 0.45, 0.43, 0.4, 0.45, 0.56]}","{0.73:[0.8, 0.78, 0.76, 0.7, 0.64, 0.76]}","{0.68:[0.65, 0.64, 0.75, 0.72, 0.64, 0.64]}","{0.3:[0.37, 0.24, 0.33, 0.3, 0.27, 0.32]}"
4012,profile_1,user,"Oh, that sounds like fun!",5,10,"{0.61:[0.56, 0.65, 0.51, 0.7, 0.62, 0.65]}","{0.47:[0.45, 0.45, 0.43, 0.4, 0.45, 0.56]}","{0.73:[0.8, 0.78, 0.76, 0.7, 0.64, 0.76]}","{0.68:[0.65, 0.64, 0.75, 0.72, 0.64, 0.64]}","{0.3:[0.37, 0.24, 0.33, 0.3, 0.27, 0.32]}"
4012,profile_1,assistant,Shall I assist you in purchasing the tickets?,5,11,"{0.61:[0.56, 0.65, 0.51, 0.7, 0.62, 0.65]}","{0.47:[0.45, 0.45, 0.43, 0.4, 0.45, 0.56]}","{0.73:[0.8, 0.78, 0.76, 0.7, 0.64, 0.76]}","{0.68:[0.65, 0.64, 0.75, 0.72, 0.64, 0.64]}","{0.3:[0.37, 0.24, 0.33, 0.3, 0.27, 0.32]}"
4012,profile_1,user,"Sure, but first, what's my current bank balance?",6,12,"{0.61:[0.56, 0.65, 0.51, 0.7, 0.62, 0.65]}","{0.47:[0.45, 0.45, 0.43, 0.4, 0.45, 0.56]}","{0.73:[0.8, 0.78, 0.76, 0.7, 0.64, 0.76]}","{0.68:[0.65, 0.64, 0.75, 0.72, 0.64, 0.64]}","{0.3:[0.37, 0.24, 0.33, 0.3, 0.27, 0.32]}"
4012,profile_1,assistant,Which account would you like to check?,6,13,"{0.61:[0.56, 0.65, 0.51, 0.7, 0.62, 0.65]}","{0.47:[0.45, 0.45, 0.43, 0.4, 0.45, 0.56]}","{0.73:[0.8, 0.78, 0.76, 0.7, 0.64, 0.76]}","{0.68:[0.65, 0.64, 0.75, 0.72, 0.64, 0.64]}","{0.3:[0.37, 0.24, 0.33, 0.3, 0.27, 0.32]}"
4012,profile_1,user,"My checking account, please.",7,14,"{0.61:[0.56, 0.65, 0.51, 0.7, 0.62, 0.65]}","{0.47:[0.45, 0.45, 0.43, 0.4, 0.45, 0.56]}","{0.73:[0.8, 0.78, 0.76, 0.7, 0.64, 0.76]}","{0.68:[0.65, 0.64, 0.75, 0.72, 0.64, 0.64]}","{0.3:[0.37, 0.24, 0.33, 0.3, 0.27, 0.32]}"
4012,profile_1,assistant,"Your checking account balance is $17,384.90.",7,15,"{0.61:[0.56, 0.65, 0.51, 0.7, 0.62, 0.65]}","{0.47:[0.45, 0.45, 0.43, 0.4, 0.45, 0.56]}","{0.73:[0.8, 0.78, 0.76, 0.7, 0.64, 0.76]}","{0.68:[0.65, 0.64, 0.75, 0.72, 0.64, 0.64]}","{0.3:[0.37, 0.24, 0.33, 0.3, 0.27, 0.32]}"
4012,profile_1,user,And what about my savings account?,8,16,"{0.61:[0.56, 0.65, 0.51, 0.7, 0.62, 0.65]}","{0.47:[0.45, 0.45, 0.43, 0.4, 0.45, 0.56]}","{0.73:[0.8, 0.78, 0.76, 0.7, 0.64, 0.76]}","{0.68:[0.65, 0.64, 0.75, 0.72, 0.64, 0.64]}","{0.3:[0.37, 0.24, 0.33, 0.3, 0.27, 0.32]}"
4012,profile_1,assistant,"You have $3,605.61 in your savings account.",8,17,"{0.61:[0.56, 0.65, 0.51, 0.7, 0.62, 0.65]}","{0.47:[0.45, 0.45, 0.43, 0.4, 0.45, 0.56]}","{0.73:[0.8, 0.78, 0.76, 0.7, 0.64, 0.76]}","{0.68:[0.65, 0.64, 0.75, 0.72, 0.64, 0.64]}","{0.3:[0.37, 0.24, 0.33, 0.3, 0.27, 0.32]}"
4012,profile_1,user,"Great, let's go ahead and book those tickets.",9,18,"{0.61:[0.56, 0.65, 0.51, 0.7, 0.62, 0.65]}","{0.47:[0.45, 0.45, 0.43, 0.4, 0.45, 0.56]}","{0.73:[0.8, 0.78, 0.76, 0.7, 0.64, 0.76]}","{0.68:[0.65, 0.64, 0.75, 0.72, 0.64, 0.64]}","{0.3:[0.37, 0.24, 0.33, 0.3, 0.27, 0.32]}"
4012,profile_1,assistant,How many tickets would you like to purchase?,9,19,"{0.61:[0.56, 0.65, 0.51, 0.7, 0.62, 0.65]}","{0.47:[0.45, 0.45, 0.43, 0.4, 0.45, 0.56]}","{0.73:[0.8, 0.78, 0.76, 0.7, 0.64, 0.76]}","{0.68:[0.65, 0.64, 0.75, 0.72, 0.64, 0.64]}","{0.3:[0.37, 0.24, 0.33, 0.3, 0.27, 0.32]}"
4012,profile_1,user,Let's get 3 tickets.,10,20,"{0.61:[0.56, 0.65, 0.51, 0.7, 0.62, 0.65]}","{0.47:[0.45, 0.45, 0.43, 0.4, 0.45, 0.56]}","{0.73:[0.8, 0.78, 0.76, 0.7, 0.64, 0.76]}","{0.68:[0.65, 0.64, 0.75, 0.72, 0.64, 0.64]}","{0.3:[0.37, 0.24, 0.33, 0.3, 0.27, 0.32]}"
4012,profile_1,assistant,Which date would you prefer?,10,21,"{0.61:[0.56, 0.65, 0.51, 0.7, 0.62, 0.65]}","{0.47:[0.45, 0.45, 0.43, 0.4, 0.45, 0.56]}","{0.73:[0.8, 0.78, 0.76, 0.7, 0.64, 0.76]}","{0.68:[0.65, 0.64, 0.75, 0.72, 0.64, 0.64]}","{0.3:[0.37, 0.24, 0.33, 0.3, 0.27, 0.32]}"
4012,profile_1,user,Can we do the 5th of this month?,11,22,"{0.61:[0.56, 0.65, 0.51, 0.7, 0.62, 0.65]}","{0.47:[0.45, 0.45, 0.43, 0.4, 0.45, 0.56]}","{0.73:[0.8, 0.78, 0.76, 0.7, 0.64, 0.76]}","{0.68:[0.65, 0.64, 0.75, 0.72, 0.64, 0.64]}","{0.3:[0.37, 0.24, 0.33, 0.3, 0.27, 0.32]}"
4012,profile_1,assistant,Just to confirm: 3 tickets for Amber Run at Warsaw next Tuesday in New York.,11,23,"{0.61:[0.56, 0.65, 0.51, 0.7, 0.62, 0.65]}","{0.47:[0.45, 0.45, 0.43, 0.4, 0.45, 0.56]}","{0.73:[0.8, 0.78, 0.76, 0.7, 0.64, 0.76]}","{0.68:[0.65, 0.64, 0.75, 0.72, 0.64, 0.64]}","{0.3:[0.37, 0.24, 0.33, 0.3, 0.27, 0.32]}"
4012,profile_1,user,"Yes, that's perfect.",12,24,"{0.61:[0.56, 0.65, 0.51, 0.7, 0.62, 0.65]}","{0.47:[0.45, 0.45, 0.43, 0.4, 0.45, 0.56]}","{0.73:[0.8, 0.78, 0.76, 0.7, 0.64, 0.76]}","{0.68:[0.65, 0.64, 0.75, 0.72, 0.64, 0.64]}","{0.3:[0.37, 0.24, 0.33, 0.3, 0.27, 0.32]}"
4012,profile_1,assistant,The tickets are now booked. Wishing you an unforgettable time!,12,25,"{0.61:[0.56, 0.65, 0.51, 0.7, 0.62, 0.65]}","{0.47:[0.45, 0.45, 0.43, 0.4, 0.45, 0.56]}","{0.73:[0.8, 0.78, 0.76, 0.7, 0.64, 0.76]}","{0.68:[0.65, 0.64, 0.75, 0.72, 0.64, 0.64]}","{0.3:[0.37, 0.24, 0.33, 0.3, 0.27, 0.32]}"
4012,profile_1,user,Thank you so much!,13,26,"{0.61:[0.56, 0.65, 0.51, 0.7, 0.62, 0.65]}","{0.47:[0.45, 0.45, 0.43, 0.4, 0.45, 0.56]}","{0.73:[0.8, 0.78, 0.76, 0.7, 0.64, 0.76]}","{0.68:[0.65, 0.64, 0.75, 0.72, 0.64, 0.64]}","{0.3:[0.37, 0.24, 0.33, 0.3, 0.27, 0.32]}"
4012,profile_1,assistant,You're welcome! Enjoy and take care.,13,27,"{0.61:[0.56, 0.65, 0.51, 0.7, 0.62, 0.65]}","{0.47:[0.45, 0.45, 0.43, 0.4, 0.45, 0.56]}","{0.73:[0.8, 0.78, 0.76, 0.7, 0.64, 0.76]}","{0.68:[0.65, 0.64, 0.75, 0.72, 0.64, 0.64]}","{0.3:[0.37, 0.24, 0.33, 0.3, 0.27, 0.32]}"
3657,profile_1,user,"Can you help me find some delightful, child-friendly attractions that are free?",0,0,"{0.59:[0.51, 0.58, 0.53, 0.68, 0.59, 0.5]}","{0.7:[0.7, 0.77, 0.71, 0.78, 0.75, 0.69]}","{0.61:[0.8, 0.56, 0.68, 0.6, 0.67, 0.64]}","{0.48:[0.58, 0.5, 0.57, 0.56, 0.5, 0.52]}","{0.3:[0.3, 0.22, 0.35, 0.15, 0.38, 0.38]}"
3657,profile_1,assistant,Absolutely! Which city shall I look in for you?,0,1,"{0.59:[0.51, 0.58, 0.53, 0.68, 0.59, 0.5]}","{0.7:[0.7, 0.77, 0.71, 0.78, 0.75, 0.69]}","{0.61:[0.8, 0.56, 0.68, 0.6, 0.67, 0.64]}","{0.48:[0.58, 0.5, 0.57, 0.56, 0.5, 0.52]}","{0.3:[0.3, 0.22, 0.35, 0.15, 0.38, 0.38]}"
3657,profile_1,user,Please look in Philadelphia.,1,2,"{0.59:[0.51, 0.58, 0.53, 0.68, 0.59, 0.5]}","{0.7:[0.7, 0.77, 0.71, 0.78, 0.75, 0.69]}","{0.61:[0.8, 0.56, 0.68, 0.6, 0.67, 0.64]}","{0.48:[0.58, 0.5, 0.57, 0.56, 0.5, 0.52]}","{0.3:[0.3, 0.22, 0.35, 0.15, 0.38, 0.38]}"
3657,profile_1,assistant,The Art Museum Steps is a wonderful tourist attraction to visit.,1,3,"{0.59:[0.51, 0.58, 0.53, 0.68, 0.59, 0.5]}","{0.7:[0.7, 0.77, 0.71, 0.78, 0.75, 0.69]}","{0.61:[0.8, 0.56, 0.68, 0.6, 0.67, 0.64]}","{0.48:[0.58, 0.5, 0.57, 0.56, 0.5, 0.52]}","{0.3:[0.3, 0.22, 0.35, 0.15, 0.38, 0.38]}"
3657,profile_1,user,That sounds great. How can I contact them?,2,4,"{0.59:[0.51, 0.58, 0.53, 0.68, 0.59, 0.5]}","{0.7:[0.7, 0.77, 0.71, 0.78, 0.75, 0.69]}","{0.61:[0.8, 0.56, 0.68, 0.6, 0.67, 0.64]}","{0.48:[0.58, 0.5, 0.57, 0.56, 0.5, 0.52]}","{0.3:[0.3, 0.22, 0.35, 0.15, 0.38, 0.38]}"
3657,profile_1,assistant,You can reach them at 215-763-8100.,2,5,"{0.59:[0.51, 0.58, 0.53, 0.68, 0.59, 0.5]}","{0.7:[0.7, 0.77, 0.71, 0.78, 0.75, 0.69]}","{0.61:[0.8, 0.56, 0.68, 0.6, 0.67, 0.64]}","{0.48:[0.58, 0.5, 0.57, 0.56, 0.5, 0.52]}","{0.3:[0.3, 0.22, 0.35, 0.15, 0.38, 0.38]}"
3657,profile_1,user,"Could you find another place, perhaps something connected to wildlife?",3,6,"{0.59:[0.51, 0.58, 0.53, 0.68, 0.59, 0.5]}","{0.7:[0.7, 0.77, 0.71, 0.78, 0.75, 0.69]}","{0.61:[0.8, 0.56, 0.68, 0.6, 0.67, 0.64]}","{0.48:[0.58, 0.5, 0.57, 0.56, 0.5, 0.52]}","{0.3:[0.3, 0.22, 0.35, 0.15, 0.38, 0.38]}"
3657,profile_1,assistant,Certainly! Independence National Historical Park is a beautiful nature preserve you might enjoy.,3,7,"{0.59:[0.51, 0.58, 0.53, 0.68, 0.59, 0.5]}","{0.7:[0.7, 0.77, 0.71, 0.78, 0.75, 0.69]}","{0.61:[0.8, 0.56, 0.68, 0.6, 0.67, 0.64]}","{0.48:[0.58, 0.5, 0.57, 0.56, 0.5, 0.52]}","{0.3:[0.3, 0.22, 0.35, 0.15, 0.38, 0.38]}"
3657,profile_1,user,How do I get in touch with them?,4,8,"{0.59:[0.51, 0.58, 0.53, 0.68, 0.59, 0.5]}","{0.7:[0.7, 0.77, 0.71, 0.78, 0.75, 0.69]}","{0.61:[0.8, 0.56, 0.68, 0.6, 0.67, 0.64]}","{0.48:[0.58, 0.5, 0.57, 0.56, 0.5, 0.52]}","{0.3:[0.3, 0.22, 0.35, 0.15, 0.38, 0.38]}"
3657,profile_1,assistant,You can contact them by dialing 215-965-2305.,4,9,"{0.59:[0.51, 0.58, 0.53, 0.68, 0.59, 0.5]}","{0.7:[0.7, 0.77, 0.71, 0.78, 0.75, 0.69]}","{0.61:[0.8, 0.56, 0.68, 0.6, 0.67, 0.64]}","{0.48:[0.58, 0.5, 0.57, 0.56, 0.5, 0.52]}","{0.3:[0.3, 0.22, 0.35, 0.15, 0.38, 0.38]}"
3657,profile_1,user,"That's fantastic. Now, could you find me some baseball events on the 10th of March?",5,10,"{0.59:[0.51, 0.58, 0.53, 0.68, 0.59, 0.5]}","{0.7:[0.7, 0.77, 0.71, 0.78, 0.75, 0.69]}","{0.61:[0.8, 0.56, 0.68, 0.6, 0.67, 0.64]}","{0.48:[0.58, 0.5, 0.57, 0.56, 0.5, 0.52]}","{0.3:[0.3, 0.22, 0.35, 0.15, 0.38, 0.38]}"
3657,profile_1,assistant,Of course! What genre should I look under?,5,11,"{0.59:[0.51, 0.58, 0.53, 0.68, 0.59, 0.5]}","{0.7:[0.7, 0.77, 0.71, 0.78, 0.75, 0.69]}","{0.61:[0.8, 0.56, 0.68, 0.6, 0.67, 0.64]}","{0.48:[0.58, 0.5, 0.57, 0.56, 0.5, 0.52]}","{0.3:[0.3, 0.22, 0.35, 0.15, 0.38, 0.38]}"
3657,profile_1,user,Please search under Games.,6,12,"{0.59:[0.51, 0.58, 0.53, 0.68, 0.59, 0.5]}","{0.7:[0.7, 0.77, 0.71, 0.78, 0.75, 0.69]}","{0.61:[0.8, 0.56, 0.68, 0.6, 0.67, 0.64]}","{0.48:[0.58, 0.5, 0.57, 0.56, 0.5, 0.52]}","{0.3:[0.3, 0.22, 0.35, 0.15, 0.38, 0.38]}"
3657,profile_1,assistant,I found 4 games for you. Phillies Vs Diamondbacks will be at Citizens Bank Park.,6,13,"{0.59:[0.51, 0.58, 0.53, 0.68, 0.59, 0.5]}","{0.7:[0.7, 0.77, 0.71, 0.78, 0.75, 0.69]}","{0.61:[0.8, 0.56, 0.68, 0.6, 0.67, 0.64]}","{0.48:[0.58, 0.5, 0.57, 0.56, 0.5, 0.52]}","{0.3:[0.3, 0.22, 0.35, 0.15, 0.38, 0.38]}"
3657,profile_1,user,What else do you have?,7,14,"{0.59:[0.51, 0.58, 0.53, 0.68, 0.59, 0.5]}","{0.7:[0.7, 0.77, 0.71, 0.78, 0.75, 0.69]}","{0.61:[0.8, 0.56, 0.68, 0.6, 0.67, 0.64]}","{0.48:[0.58, 0.5, 0.57, 0.56, 0.5, 0.52]}","{0.3:[0.3, 0.22, 0.35, 0.15, 0.38, 0.38]}"
3657,profile_1,assistant,There's also Phillies Vs Mets at Citizens Bank Park.,7,15,"{0.59:[0.51, 0.58, 0.53, 0.68, 0.59, 0.5]}","{0.7:[0.7, 0.77, 0.71, 0.78, 0.75, 0.69]}","{0.61:[0.8, 0.56, 0.68, 0.6, 0.67, 0.64]}","{0.48:[0.58, 0.5, 0.57, 0.56, 0.5, 0.52]}","{0.3:[0.3, 0.22, 0.35, 0.15, 0.38, 0.38]}"
3657,profile_1,user,Could you provide the address for that?,8,16,"{0.59:[0.51, 0.58, 0.53, 0.68, 0.59, 0.5]}","{0.7:[0.7, 0.77, 0.71, 0.78, 0.75, 0.69]}","{0.61:[0.8, 0.56, 0.68, 0.6, 0.67, 0.64]}","{0.48:[0.58, 0.5, 0.57, 0.56, 0.5, 0.52]}","{0.3:[0.3, 0.22, 0.35, 0.15, 0.38, 0.38]}"
3657,profile_1,assistant,Certainly! The address is 1 Citizens Bank Way.,8,17,"{0.59:[0.51, 0.58, 0.53, 0.68, 0.59, 0.5]}","{0.7:[0.7, 0.77, 0.71, 0.78, 0.75, 0.69]}","{0.61:[0.8, 0.56, 0.68, 0.6, 0.67, 0.64]}","{0.48:[0.58, 0.5, 0.57, 0.56, 0.5, 0.52]}","{0.3:[0.3, 0.22, 0.35, 0.15, 0.38, 0.38]}"
3657,profile_1,user,Any other games?,9,18,"{0.59:[0.51, 0.58, 0.53, 0.68, 0.59, 0.5]}","{0.7:[0.7, 0.77, 0.71, 0.78, 0.75, 0.69]}","{0.61:[0.8, 0.56, 0.68, 0.6, 0.67, 0.64]}","{0.48:[0.58, 0.5, 0.57, 0.56, 0.5, 0.52]}","{0.3:[0.3, 0.22, 0.35, 0.15, 0.38, 0.38]}"
3657,profile_1,assistant,Phillies Vs Padres is another game happening at Citizens Bank Park.,9,19,"{0.59:[0.51, 0.58, 0.53, 0.68, 0.59, 0.5]}","{0.7:[0.7, 0.77, 0.71, 0.78, 0.75, 0.69]}","{0.61:[0.8, 0.56, 0.68, 0.6, 0.67, 0.64]}","{0.48:[0.58, 0.5, 0.57, 0.56, 0.5, 0.52]}","{0.3:[0.3, 0.22, 0.35, 0.15, 0.38, 0.38]}"
3657,profile_1,user,That's great. I need a place to stay with a rating of 4.4 or higher and laundry service.,10,20,"{0.59:[0.51, 0.58, 0.53, 0.68, 0.59, 0.5]}","{0.7:[0.7, 0.77, 0.71, 0.78, 0.75, 0.69]}","{0.61:[0.8, 0.56, 0.68, 0.6, 0.67, 0.64]}","{0.48:[0.58, 0.5, 0.57, 0.56, 0.5, 0.52]}","{0.3:[0.3, 0.22, 0.35, 0.15, 0.38, 0.38]}"
3657,profile_1,assistant,1001 Intrepid Avenue has a rating of 4.4.,10,21,"{0.59:[0.51, 0.58, 0.53, 0.68, 0.59, 0.5]}","{0.7:[0.7, 0.77, 0.71, 0.78, 0.75, 0.69]}","{0.61:[0.8, 0.56, 0.68, 0.6, 0.67, 0.64]}","{0.48:[0.58, 0.5, 0.57, 0.56, 0.5, 0.52]}","{0.3:[0.3, 0.22, 0.35, 0.15, 0.38, 0.38]}"
3657,profile_1,user,Any other options?,11,22,"{0.59:[0.51, 0.58, 0.53, 0.68, 0.59, 0.5]}","{0.7:[0.7, 0.77, 0.71, 0.78, 0.75, 0.69]}","{0.61:[0.8, 0.56, 0.68, 0.6, 0.67, 0.64]}","{0.48:[0.58, 0.5, 0.57, 0.56, 0.5, 0.52]}","{0.3:[0.3, 0.22, 0.35, 0.15, 0.38, 0.38]}"
3657,profile_1,assistant,120 South 17th Street also has a 4.4 rating.,11,23,"{0.59:[0.51, 0.58, 0.53, 0.68, 0.59, 0.5]}","{0.7:[0.7, 0.77, 0.71, 0.78, 0.75, 0.69]}","{0.61:[0.8, 0.56, 0.68, 0.6, 0.67, 0.64]}","{0.48:[0.58, 0.5, 0.57, 0.56, 0.5, 0.52]}","{0.3:[0.3, 0.22, 0.35, 0.15, 0.38, 0.38]}"
3657,profile_1,user,Do you have a phone number for that place?,12,24,"{0.59:[0.51, 0.58, 0.53, 0.68, 0.59, 0.5]}","{0.7:[0.7, 0.77, 0.71, 0.78, 0.75, 0.69]}","{0.61:[0.8, 0.56, 0.68, 0.6, 0.67, 0.64]}","{0.48:[0.58, 0.5, 0.57, 0.56, 0.5, 0.52]}","{0.3:[0.3, 0.22, 0.35, 0.15, 0.38, 0.38]}"
3657,profile_1,assistant,You can contact them at +1 215-569-8300.,12,25,"{0.59:[0.51, 0.58, 0.53, 0.68, 0.59, 0.5]}","{0.7:[0.7, 0.77, 0.71, 0.78, 0.75, 0.69]}","{0.61:[0.8, 0.56, 0.68, 0.6, 0.67, 0.64]}","{0.48:[0.58, 0.5, 0.57, 0.56, 0.5, 0.52]}","{0.3:[0.3, 0.22, 0.35, 0.15, 0.38, 0.38]}"
3657,profile_1,user,That sounds perfect. I also need a bus to get there.,13,26,"{0.59:[0.51, 0.58, 0.53, 0.68, 0.59, 0.5]}","{0.7:[0.7, 0.77, 0.71, 0.78, 0.75, 0.69]}","{0.61:[0.8, 0.56, 0.68, 0.6, 0.67, 0.64]}","{0.48:[0.58, 0.5, 0.57, 0.56, 0.5, 0.52]}","{0.3:[0.3, 0.22, 0.35, 0.15, 0.38, 0.38]}"
3657,profile_1,assistant,"Are you planning to depart on March 10th, and from which city?",13,27,"{0.59:[0.51, 0.58, 0.53, 0.68, 0.59, 0.5]}","{0.7:[0.7, 0.77, 0.71, 0.78, 0.75, 0.69]}","{0.61:[0.8, 0.56, 0.68, 0.6, 0.67, 0.64]}","{0.48:[0.58, 0.5, 0.57, 0.56, 0.5, 0.52]}","{0.3:[0.3, 0.22, 0.35, 0.15, 0.38, 0.38]}"
3657,profile_1,user,I'll be departing from New York City next Thursday.,14,28,"{0.59:[0.51, 0.58, 0.53, 0.68, 0.59, 0.5]}","{0.7:[0.7, 0.77, 0.71, 0.78, 0.75, 0.69]}","{0.61:[0.8, 0.56, 0.68, 0.6, 0.67, 0.64]}","{0.48:[0.58, 0.5, 0.57, 0.56, 0.5, 0.52]}","{0.3:[0.3, 0.22, 0.35, 0.15, 0.38, 0.38]}"
3657,profile_1,assistant,There is an Economy ticket on a bus departing at 7:40 am that costs $23.,14,29,"{0.59:[0.51, 0.58, 0.53, 0.68, 0.59, 0.5]}","{0.7:[0.7, 0.77, 0.71, 0.78, 0.75, 0.69]}","{0.61:[0.8, 0.56, 0.68, 0.6, 0.67, 0.64]}","{0.48:[0.58, 0.5, 0.57, 0.56, 0.5, 0.52]}","{0.3:[0.3, 0.22, 0.35, 0.15, 0.38, 0.38]}"
3657,profile_1,user,Can you find Economy extra tickets for a departure date of March 3rd?,15,30,"{0.59:[0.51, 0.58, 0.53, 0.68, 0.59, 0.5]}","{0.7:[0.7, 0.77, 0.71, 0.78, 0.75, 0.69]}","{0.61:[0.8, 0.56, 0.68, 0.6, 0.67, 0.64]}","{0.48:[0.58, 0.5, 0.57, 0.56, 0.5, 0.52]}","{0.3:[0.3, 0.22, 0.35, 0.15, 0.38, 0.38]}"
3657,profile_1,assistant,I found 6 results. There’s a bus with an Economy extra seat that departs at 8 am and costs $29.,15,31,"{0.59:[0.51, 0.58, 0.53, 0.68, 0.59, 0.5]}","{0.7:[0.7, 0.77, 0.71, 0.78, 0.75, 0.69]}","{0.61:[0.8, 0.56, 0.68, 0.6, 0.67, 0.64]}","{0.48:[0.58, 0.5, 0.57, 0.56, 0.5, 0.52]}","{0.3:[0.3, 0.22, 0.35, 0.15, 0.38, 0.38]}"
3657,profile_1,user,That works for me.,16,32,"{0.59:[0.51, 0.58, 0.53, 0.68, 0.59, 0.5]}","{0.7:[0.7, 0.77, 0.71, 0.78, 0.75, 0.69]}","{0.61:[0.8, 0.56, 0.68, 0.6, 0.67, 0.64]}","{0.48:[0.58, 0.5, 0.57, 0.56, 0.5, 0.52]}","{0.3:[0.3, 0.22, 0.35, 0.15, 0.38, 0.38]}"
3657,profile_1,assistant,Would you like me to book the bus tickets for you?,16,33,"{0.59:[0.51, 0.58, 0.53, 0.68, 0.59, 0.5]}","{0.7:[0.7, 0.77, 0.71, 0.78, 0.75, 0.69]}","{0.61:[0.8, 0.56, 0.68, 0.6, 0.67, 0.64]}","{0.48:[0.58, 0.5, 0.57, 0.56, 0.5, 0.52]}","{0.3:[0.3, 0.22, 0.35, 0.15, 0.38, 0.38]}"
3657,profile_1,user,"No, not right now.",17,34,"{0.59:[0.51, 0.58, 0.53, 0.68, 0.59, 0.5]}","{0.7:[0.7, 0.77, 0.71, 0.78, 0.75, 0.69]}","{0.61:[0.8, 0.56, 0.68, 0.6, 0.67, 0.64]}","{0.48:[0.58, 0.5, 0.57, 0.56, 0.5, 0.52]}","{0.3:[0.3, 0.22, 0.35, 0.15, 0.38, 0.38]}"
3657,profile_1,assistant,Do you need any more assistance?,17,35,"{0.59:[0.51, 0.58, 0.53, 0.68, 0.59, 0.5]}","{0.7:[0.7, 0.77, 0.71, 0.78, 0.75, 0.69]}","{0.61:[0.8, 0.56, 0.68, 0.6, 0.67, 0.64]}","{0.48:[0.58, 0.5, 0.57, 0.56, 0.5, 0.52]}","{0.3:[0.3, 0.22, 0.35, 0.15, 0.38, 0.38]}"
3657,profile_1,user,"No, not at the moment. Thank you.",18,36,"{0.59:[0.51, 0.58, 0.53, 0.68, 0.59, 0.5]}","{0.7:[0.7, 0.77, 0.71, 0.78, 0.75, 0.69]}","{0.61:[0.8, 0.56, 0.68, 0.6, 0.67, 0.64]}","{0.48:[0.58, 0.5, 0.57, 0.56, 0.5, 0.52]}","{0.3:[0.3, 0.22, 0.35, 0.15, 0.38, 0.38]}"
3657,profile_1,assistant,Have a wonderful day!,18,37,"{0.59:[0.51, 0.58, 0.53, 0.68, 0.59, 0.5]}","{0.7:[0.7, 0.77, 0.71, 0.78, 0.75, 0.69]}","{0.61:[0.8, 0.56, 0.68, 0.6, 0.67, 0.64]}","{0.48:[0.58, 0.5, 0.57, 0.56, 0.5, 0.52]}","{0.3:[0.3, 0.22, 0.35, 0.15, 0.38, 0.38]}"
2286,profile_1,user,Hi there! Could you assist me in finding dates for some exciting events?,0,0,"{0.42:[0.39, 0.46, 0.4, 0.35, 0.41, 0.35]}","{0.44:[0.41, 0.49, 0.42, 0.49, 0.51, 0.39]}","{0.62:[0.8, 0.64, 0.53, 0.6, 0.63, 0.53]}","{0.67:[0.7, 0.6, 0.66, 0.58, 0.65, 0.61]}","{0.3:[0.31, 0.33, 0.22, 0.22, 0.28, 0.16]}"
2286,profile_1,assistant,Absolutely! Which city should I search in for you?,0,1,"{0.42:[0.39, 0.46, 0.4, 0.35, 0.41, 0.35]}","{0.44:[0.41, 0.49, 0.42, 0.49, 0.51, 0.39]}","{0.62:[0.8, 0.64, 0.53, 0.6, 0.63, 0.53]}","{0.67:[0.7, 0.6, 0.66, 0.58, 0.65, 0.61]}","{0.3:[0.31, 0.33, 0.22, 0.22, 0.28, 0.16]}"
2286,profile_1,user,I'm looking for an event in the beautiful city of San Francisco.,1,2,"{0.42:[0.39, 0.46, 0.4, 0.35, 0.41, 0.35]}","{0.44:[0.41, 0.49, 0.42, 0.49, 0.51, 0.39]}","{0.62:[0.8, 0.64, 0.53, 0.6, 0.63, 0.53]}","{0.67:[0.7, 0.6, 0.66, 0.58, 0.65, 0.61]}","{0.3:[0.31, 0.33, 0.22, 0.22, 0.28, 0.16]}"
2286,profile_1,assistant,Great choice! Is there a particular event you're interested in?,1,3,"{0.42:[0.39, 0.46, 0.4, 0.35, 0.41, 0.35]}","{0.44:[0.41, 0.49, 0.42, 0.49, 0.51, 0.39]}","{0.62:[0.8, 0.64, 0.53, 0.6, 0.63, 0.53]}","{0.67:[0.7, 0.6, 0.66, 0.58, 0.65, 0.61]}","{0.3:[0.31, 0.33, 0.22, 0.22, 0.28, 0.16]}"
2286,profile_1,user,"I've heard wonderful things about Thee Oh Sees, and I’d love to catch one of their shows.",2,4,"{0.42:[0.39, 0.46, 0.4, 0.35, 0.41, 0.35]}","{0.44:[0.41, 0.49, 0.42, 0.49, 0.51, 0.39]}","{0.62:[0.8, 0.64, 0.53, 0.6, 0.63, 0.53]}","{0.67:[0.7, 0.6, 0.66, 0.58, 0.65, 0.61]}","{0.3:[0.31, 0.33, 0.22, 0.22, 0.28, 0.16]}"
2286,profile_1,assistant,"I've found Thee Oh Sees performing on March 2nd at The Chapel, a charming venue.",2,5,"{0.42:[0.39, 0.46, 0.4, 0.35, 0.41, 0.35]}","{0.44:[0.41, 0.49, 0.42, 0.49, 0.51, 0.39]}","{0.62:[0.8, 0.64, 0.53, 0.6, 0.63, 0.53]}","{0.67:[0.7, 0.6, 0.66, 0.58, 0.65, 0.61]}","{0.3:[0.31, 0.33, 0.22, 0.22, 0.28, 0.16]}"
2286,profile_1,user,"That's fantastic! What time does the event start, and where exactly is The Chapel located?",3,6,"{0.42:[0.39, 0.46, 0.4, 0.35, 0.41, 0.35]}","{0.44:[0.41, 0.49, 0.42, 0.49, 0.51, 0.39]}","{0.62:[0.8, 0.64, 0.53, 0.6, 0.63, 0.53]}","{0.67:[0.7, 0.6, 0.66, 0.58, 0.65, 0.61]}","{0.3:[0.31, 0.33, 0.22, 0.22, 0.28, 0.16]}"
2286,profile_1,assistant,"The event kicks off at 5:30 pm, and the venue is situated at 777 Valencia Street, a lively part of town.",3,7,"{0.42:[0.39, 0.46, 0.4, 0.35, 0.41, 0.35]}","{0.44:[0.41, 0.49, 0.42, 0.49, 0.51, 0.39]}","{0.62:[0.8, 0.64, 0.53, 0.6, 0.63, 0.53]}","{0.67:[0.7, 0.6, 0.66, 0.58, 0.65, 0.61]}","{0.3:[0.31, 0.33, 0.22, 0.22, 0.28, 0.16]}"
2286,profile_1,user,Are there any other dates available for their shows?,4,8,"{0.42:[0.39, 0.46, 0.4, 0.35, 0.41, 0.35]}","{0.44:[0.41, 0.49, 0.42, 0.49, 0.51, 0.39]}","{0.62:[0.8, 0.64, 0.53, 0.6, 0.63, 0.53]}","{0.67:[0.7, 0.6, 0.66, 0.58, 0.65, 0.61]}","{0.3:[0.31, 0.33, 0.22, 0.22, 0.28, 0.16]}"
2286,profile_1,assistant,"Yes, Thee Oh Sees will also be performing at The Chapel on March 4th.",4,9,"{0.42:[0.39, 0.46, 0.4, 0.35, 0.41, 0.35]}","{0.44:[0.41, 0.49, 0.42, 0.49, 0.51, 0.39]}","{0.62:[0.8, 0.64, 0.53, 0.6, 0.63, 0.53]}","{0.67:[0.7, 0.6, 0.66, 0.58, 0.65, 0.61]}","{0.3:[0.31, 0.33, 0.22, 0.22, 0.28, 0.16]}"
2286,profile_1,user,How wonderful! Are there more dates?,5,10,"{0.42:[0.39, 0.46, 0.4, 0.35, 0.41, 0.35]}","{0.44:[0.41, 0.49, 0.42, 0.49, 0.51, 0.39]}","{0.62:[0.8, 0.64, 0.53, 0.6, 0.63, 0.53]}","{0.67:[0.7, 0.6, 0.66, 0.58, 0.65, 0.61]}","{0.3:[0.31, 0.33, 0.22, 0.22, 0.28, 0.16]}"
2286,profile_1,assistant,"Certainly, there's another Thee Oh Sees event at The Chapel on March 5th.",5,11,"{0.42:[0.39, 0.46, 0.4, 0.35, 0.41, 0.35]}","{0.44:[0.41, 0.49, 0.42, 0.49, 0.51, 0.39]}","{0.62:[0.8, 0.64, 0.53, 0.6, 0.63, 0.53]}","{0.67:[0.7, 0.6, 0.66, 0.58, 0.65, 0.61]}","{0.3:[0.31, 0.33, 0.22, 0.22, 0.28, 0.16]}"
2286,profile_1,user,March 5th works perfectly for me. I need to arrange a bus ticket to travel to the event.,6,12,"{0.42:[0.39, 0.46, 0.4, 0.35, 0.41, 0.35]}","{0.44:[0.41, 0.49, 0.42, 0.49, 0.51, 0.39]}","{0.62:[0.8, 0.64, 0.53, 0.6, 0.63, 0.53]}","{0.67:[0.7, 0.6, 0.66, 0.58, 0.65, 0.61]}","{0.3:[0.31, 0.33, 0.22, 0.22, 0.28, 0.16]}"
2286,profile_1,assistant,"Sounds exciting! Will you be traveling on March 5th? Where will you be departing from, and how many tickets would you like to book?",6,13,"{0.42:[0.39, 0.46, 0.4, 0.35, 0.41, 0.35]}","{0.44:[0.41, 0.49, 0.42, 0.49, 0.51, 0.39]}","{0.62:[0.8, 0.64, 0.53, 0.6, 0.63, 0.53]}","{0.67:[0.7, 0.6, 0.66, 0.58, 0.65, 0.61]}","{0.3:[0.31, 0.33, 0.22, 0.22, 0.28, 0.16]}"
2286,profile_1,user,"Actually, I plan to leave today from Long Beach and need four tickets.",7,14,"{0.42:[0.39, 0.46, 0.4, 0.35, 0.41, 0.35]}","{0.44:[0.41, 0.49, 0.42, 0.49, 0.51, 0.39]}","{0.62:[0.8, 0.64, 0.53, 0.6, 0.63, 0.53]}","{0.67:[0.7, 0.6, 0.66, 0.58, 0.65, 0.61]}","{0.3:[0.31, 0.33, 0.22, 0.22, 0.28, 0.16]}"
2286,profile_1,assistant,What time would you like to start your journey?,7,15,"{0.42:[0.39, 0.46, 0.4, 0.35, 0.41, 0.35]}","{0.44:[0.41, 0.49, 0.42, 0.49, 0.51, 0.39]}","{0.62:[0.8, 0.64, 0.53, 0.6, 0.63, 0.53]}","{0.67:[0.7, 0.6, 0.66, 0.58, 0.65, 0.61]}","{0.3:[0.31, 0.33, 0.22, 0.22, 0.28, 0.16]}"
2286,profile_1,user,I'd like to depart at 6:45 in the evening.,8,16,"{0.42:[0.39, 0.46, 0.4, 0.35, 0.41, 0.35]}","{0.44:[0.41, 0.49, 0.42, 0.49, 0.51, 0.39]}","{0.62:[0.8, 0.64, 0.53, 0.6, 0.63, 0.53]}","{0.67:[0.7, 0.6, 0.66, 0.58, 0.65, 0.61]}","{0.3:[0.31, 0.33, 0.22, 0.22, 0.28, 0.16]}"
2286,profile_1,assistant,"So, you'd like four bus tickets from Long Beach to San Francisco on March 1st, departing at 6:45 pm. Is that correct?",8,17,"{0.42:[0.39, 0.46, 0.4, 0.35, 0.41, 0.35]}","{0.44:[0.41, 0.49, 0.42, 0.49, 0.51, 0.39]}","{0.62:[0.8, 0.64, 0.53, 0.6, 0.63, 0.53]}","{0.67:[0.7, 0.6, 0.66, 0.58, 0.65, 0.61]}","{0.3:[0.31, 0.33, 0.22, 0.22, 0.28, 0.16]}"
2286,profile_1,user,"No, please change the departure date to the 2nd of this month.",9,18,"{0.42:[0.39, 0.46, 0.4, 0.35, 0.41, 0.35]}","{0.44:[0.41, 0.49, 0.42, 0.49, 0.51, 0.39]}","{0.62:[0.8, 0.64, 0.53, 0.6, 0.63, 0.53]}","{0.67:[0.7, 0.6, 0.66, 0.58, 0.65, 0.61]}","{0.3:[0.31, 0.33, 0.22, 0.22, 0.28, 0.16]}"
2286,profile_1,assistant,"Alright, please confirm you wish to leave on March 2nd and travel to San Francisco.",9,19,"{0.42:[0.39, 0.46, 0.4, 0.35, 0.41, 0.35]}","{0.44:[0.41, 0.49, 0.42, 0.49, 0.51, 0.39]}","{0.62:[0.8, 0.64, 0.53, 0.6, 0.63, 0.53]}","{0.67:[0.7, 0.6, 0.66, 0.58, 0.65, 0.61]}","{0.3:[0.31, 0.33, 0.22, 0.22, 0.28, 0.16]}"
2286,profile_1,user,"Yes, that’s correct.",10,20,"{0.42:[0.39, 0.46, 0.4, 0.35, 0.41, 0.35]}","{0.44:[0.41, 0.49, 0.42, 0.49, 0.51, 0.39]}","{0.62:[0.8, 0.64, 0.53, 0.6, 0.63, 0.53]}","{0.67:[0.7, 0.6, 0.66, 0.58, 0.65, 0.61]}","{0.3:[0.31, 0.33, 0.22, 0.22, 0.28, 0.16]}"
2286,profile_1,assistant,"I couldn't secure the tickets for that time, but there’s a bus leaving at 7 pm for $49. Does that work for you?",10,21,"{0.42:[0.39, 0.46, 0.4, 0.35, 0.41, 0.35]}","{0.44:[0.41, 0.49, 0.42, 0.49, 0.51, 0.39]}","{0.62:[0.8, 0.64, 0.53, 0.6, 0.63, 0.53]}","{0.67:[0.7, 0.6, 0.66, 0.58, 0.65, 0.61]}","{0.3:[0.31, 0.33, 0.22, 0.22, 0.28, 0.16]}"
2286,profile_1,user,That works just fine.,11,22,"{0.42:[0.39, 0.46, 0.4, 0.35, 0.41, 0.35]}","{0.44:[0.41, 0.49, 0.42, 0.49, 0.51, 0.39]}","{0.62:[0.8, 0.64, 0.53, 0.6, 0.63, 0.53]}","{0.67:[0.7, 0.6, 0.66, 0.58, 0.65, 0.61]}","{0.3:[0.31, 0.33, 0.22, 0.22, 0.28, 0.16]}"
2286,profile_1,assistant,Your bus tickets have been reserved successfully.,11,23,"{0.42:[0.39, 0.46, 0.4, 0.35, 0.41, 0.35]}","{0.44:[0.41, 0.49, 0.42, 0.49, 0.51, 0.39]}","{0.62:[0.8, 0.64, 0.53, 0.6, 0.63, 0.53]}","{0.67:[0.7, 0.6, 0.66, 0.58, 0.65, 0.61]}","{0.3:[0.31, 0.33, 0.22, 0.22, 0.28, 0.16]}"
2286,profile_1,user,"Thank you! Now, I need to get tickets for the event itself.",12,24,"{0.42:[0.39, 0.46, 0.4, 0.35, 0.41, 0.35]}","{0.44:[0.41, 0.49, 0.42, 0.49, 0.51, 0.39]}","{0.62:[0.8, 0.64, 0.53, 0.6, 0.63, 0.53]}","{0.67:[0.7, 0.6, 0.66, 0.58, 0.65, 0.61]}","{0.3:[0.31, 0.33, 0.22, 0.22, 0.28, 0.16]}"
2286,profile_1,assistant,Understood. You’d like four tickets for Thee Oh Sees in San Francisco on March 5th. Is that correct?,12,25,"{0.42:[0.39, 0.46, 0.4, 0.35, 0.41, 0.35]}","{0.44:[0.41, 0.49, 0.42, 0.49, 0.51, 0.39]}","{0.62:[0.8, 0.64, 0.53, 0.6, 0.63, 0.53]}","{0.67:[0.7, 0.6, 0.66, 0.58, 0.65, 0.61]}","{0.3:[0.31, 0.33, 0.22, 0.22, 0.28, 0.16]}"
2286,profile_1,user,"Yes, that's right.",13,26,"{0.42:[0.39, 0.46, 0.4, 0.35, 0.41, 0.35]}","{0.44:[0.41, 0.49, 0.42, 0.49, 0.51, 0.39]}","{0.62:[0.8, 0.64, 0.53, 0.6, 0.63, 0.53]}","{0.67:[0.7, 0.6, 0.66, 0.58, 0.65, 0.61]}","{0.3:[0.31, 0.33, 0.22, 0.22, 0.28, 0.16]}"
2286,profile_1,assistant,All set! Your event tickets have been reserved. Enjoy the show!,13,27,"{0.42:[0.39, 0.46, 0.4, 0.35, 0.41, 0.35]}","{0.44:[0.41, 0.49, 0.42, 0.49, 0.51, 0.39]}","{0.62:[0.8, 0.64, 0.53, 0.6, 0.63, 0.53]}","{0.67:[0.7, 0.6, 0.66, 0.58, 0.65, 0.61]}","{0.3:[0.31, 0.33, 0.22, 0.22, 0.28, 0.16]}"
2286,profile_1,user,Thanks so much! That's all I need for now.,14,28,"{0.42:[0.39, 0.46, 0.4, 0.35, 0.41, 0.35]}","{0.44:[0.41, 0.49, 0.42, 0.49, 0.51, 0.39]}","{0.62:[0.8, 0.64, 0.53, 0.6, 0.63, 0.53]}","{0.67:[0.7, 0.6, 0.66, 0.58, 0.65, 0.61]}","{0.3:[0.31, 0.33, 0.22, 0.22, 0.28, 0.16]}"
2286,profile_1,assistant,You're very welcome! Have a splendid day!,14,29,"{0.42:[0.39, 0.46, 0.4, 0.35, 0.41, 0.35]}","{0.44:[0.41, 0.49, 0.42, 0.49, 0.51, 0.39]}","{0.62:[0.8, 0.64, 0.53, 0.6, 0.63, 0.53]}","{0.67:[0.7, 0.6, 0.66, 0.58, 0.65, 0.61]}","{0.3:[0.31, 0.33, 0.22, 0.22, 0.28, 0.16]}"
12066,profile_1,user,I'm interested in finding dates for events.,0,0,"{0.35:[0.41, 0.32, 0.34, 0.32, 0.35, 0.32]}","{0.35:[0.41, 0.36, 0.35, 0.34, 0.4, 0.3]}","{0.58:[0.8, 0.65, 0.64, 0.5, 0.67, 0.61]}","{0.76:[0.83, 0.8, 0.75, 0.81, 0.85, 0.71]}","{0.3:[0.18, 0.38, 0.41, 0.33, 0.19, 0.45]}"
12066,profile_1,assistant,That sounds exciting! Do you know which event you're looking for?,0,1,"{0.35:[0.41, 0.32, 0.34, 0.32, 0.35, 0.32]}","{0.35:[0.41, 0.36, 0.35, 0.34, 0.4, 0.3]}","{0.58:[0.8, 0.65, 0.64, 0.5, 0.67, 0.61]}","{0.76:[0.83, 0.8, 0.75, 0.81, 0.85, 0.71]}","{0.3:[0.18, 0.38, 0.41, 0.33, 0.19, 0.45]}"
12066,profile_1,user,I want to see Panthers Vs Mountaineers.,1,2,"{0.35:[0.41, 0.32, 0.34, 0.32, 0.35, 0.32]}","{0.35:[0.41, 0.36, 0.35, 0.34, 0.4, 0.3]}","{0.58:[0.8, 0.65, 0.64, 0.5, 0.67, 0.61]}","{0.76:[0.83, 0.8, 0.75, 0.81, 0.85, 0.71]}","{0.3:[0.18, 0.38, 0.41, 0.33, 0.19, 0.45]}"
12066,profile_1,assistant,Great choice! In which city should I search for this event?,1,3,"{0.35:[0.41, 0.32, 0.34, 0.32, 0.35, 0.32]}","{0.35:[0.41, 0.36, 0.35, 0.34, 0.4, 0.3]}","{0.58:[0.8, 0.65, 0.64, 0.5, 0.67, 0.61]}","{0.76:[0.83, 0.8, 0.75, 0.81, 0.85, 0.71]}","{0.3:[0.18, 0.38, 0.41, 0.33, 0.19, 0.45]}"
12066,profile_1,user,"I'm looking for events in Sacramento, CA. I also want to see Republic Vs Toros.",2,4,"{0.35:[0.41, 0.32, 0.34, 0.32, 0.35, 0.32]}","{0.35:[0.41, 0.36, 0.35, 0.34, 0.4, 0.3]}","{0.58:[0.8, 0.65, 0.64, 0.5, 0.67, 0.61]}","{0.76:[0.83, 0.8, 0.75, 0.81, 0.85, 0.71]}","{0.3:[0.18, 0.38, 0.41, 0.33, 0.19, 0.45]}"
12066,profile_1,assistant,Perfect! I found the Republic Vs Toros match at Papa Murphy's Park today. The event spans over 5 days.,2,5,"{0.35:[0.41, 0.32, 0.34, 0.32, 0.35, 0.32]}","{0.35:[0.41, 0.36, 0.35, 0.34, 0.4, 0.3]}","{0.58:[0.8, 0.65, 0.64, 0.5, 0.67, 0.61]}","{0.76:[0.83, 0.8, 0.75, 0.81, 0.85, 0.71]}","{0.3:[0.18, 0.38, 0.41, 0.33, 0.19, 0.45]}"
12066,profile_1,user,When does the event start? And where exactly is it being held?,3,6,"{0.35:[0.41, 0.32, 0.34, 0.32, 0.35, 0.32]}","{0.35:[0.41, 0.36, 0.35, 0.34, 0.4, 0.3]}","{0.58:[0.8, 0.65, 0.64, 0.5, 0.67, 0.61]}","{0.76:[0.83, 0.8, 0.75, 0.81, 0.85, 0.71]}","{0.3:[0.18, 0.38, 0.41, 0.33, 0.19, 0.45]}"
12066,profile_1,assistant,"The event is at 1600 Exposition Boulevard, starting at 5:30 pm.",3,7,"{0.35:[0.41, 0.32, 0.34, 0.32, 0.35, 0.32]}","{0.35:[0.41, 0.36, 0.35, 0.34, 0.4, 0.3]}","{0.58:[0.8, 0.65, 0.64, 0.5, 0.67, 0.61]}","{0.76:[0.83, 0.8, 0.75, 0.81, 0.85, 0.71]}","{0.3:[0.18, 0.38, 0.41, 0.33, 0.19, 0.45]}"
12066,profile_1,user,"That sounds fantastic, let's go ahead and get tickets.",4,8,"{0.35:[0.41, 0.32, 0.34, 0.32, 0.35, 0.32]}","{0.35:[0.41, 0.36, 0.35, 0.34, 0.4, 0.3]}","{0.58:[0.8, 0.65, 0.64, 0.5, 0.67, 0.61]}","{0.76:[0.83, 0.8, 0.75, 0.81, 0.85, 0.71]}","{0.3:[0.18, 0.38, 0.41, 0.33, 0.19, 0.45]}"
12066,profile_1,assistant,How many tickets would you like to purchase?,4,9,"{0.35:[0.41, 0.32, 0.34, 0.32, 0.35, 0.32]}","{0.35:[0.41, 0.36, 0.35, 0.34, 0.4, 0.3]}","{0.58:[0.8, 0.65, 0.64, 0.5, 0.67, 0.61]}","{0.76:[0.83, 0.8, 0.75, 0.81, 0.85, 0.71]}","{0.3:[0.18, 0.38, 0.41, 0.33, 0.19, 0.45]}"
12066,profile_1,user,I need 1 ticket.,5,10,"{0.35:[0.41, 0.32, 0.34, 0.32, 0.35, 0.32]}","{0.35:[0.41, 0.36, 0.35, 0.34, 0.4, 0.3]}","{0.58:[0.8, 0.65, 0.64, 0.5, 0.67, 0.61]}","{0.76:[0.83, 0.8, 0.75, 0.81, 0.85, 0.71]}","{0.3:[0.18, 0.38, 0.41, 0.33, 0.19, 0.45]}"
12066,profile_1,assistant,"Just to confirm, you need 1 ticket for Republic Vs Toros today in Sacramento, right?",5,11,"{0.35:[0.41, 0.32, 0.34, 0.32, 0.35, 0.32]}","{0.35:[0.41, 0.36, 0.35, 0.34, 0.4, 0.3]}","{0.58:[0.8, 0.65, 0.64, 0.5, 0.67, 0.61]}","{0.76:[0.83, 0.8, 0.75, 0.81, 0.85, 0.71]}","{0.3:[0.18, 0.38, 0.41, 0.33, 0.19, 0.45]}"
12066,profile_1,user,"Actually, I need three tickets.",6,12,"{0.35:[0.41, 0.32, 0.34, 0.32, 0.35, 0.32]}","{0.35:[0.41, 0.36, 0.35, 0.34, 0.4, 0.3]}","{0.58:[0.8, 0.65, 0.64, 0.5, 0.67, 0.61]}","{0.76:[0.83, 0.8, 0.75, 0.81, 0.85, 0.71]}","{0.3:[0.18, 0.38, 0.41, 0.33, 0.19, 0.45]}"
12066,profile_1,assistant,"Got it. Please confirm, 3 tickets for today's event in Sacramento.",6,13,"{0.35:[0.41, 0.32, 0.34, 0.32, 0.35, 0.32]}","{0.35:[0.41, 0.36, 0.35, 0.34, 0.4, 0.3]}","{0.58:[0.8, 0.65, 0.64, 0.5, 0.67, 0.61]}","{0.76:[0.83, 0.8, 0.75, 0.81, 0.85, 0.71]}","{0.3:[0.18, 0.38, 0.41, 0.33, 0.19, 0.45]}"
12066,profile_1,user,"Yes, that's correct.",7,14,"{0.35:[0.41, 0.32, 0.34, 0.32, 0.35, 0.32]}","{0.35:[0.41, 0.36, 0.35, 0.34, 0.4, 0.3]}","{0.58:[0.8, 0.65, 0.64, 0.5, 0.67, 0.61]}","{0.76:[0.83, 0.8, 0.75, 0.81, 0.85, 0.71]}","{0.3:[0.18, 0.38, 0.41, 0.33, 0.19, 0.45]}"
12066,profile_1,assistant,Your reservation has been successfully made.,7,15,"{0.35:[0.41, 0.32, 0.34, 0.32, 0.35, 0.32]}","{0.35:[0.41, 0.36, 0.35, 0.34, 0.4, 0.3]}","{0.58:[0.8, 0.65, 0.64, 0.5, 0.67, 0.61]}","{0.76:[0.83, 0.8, 0.75, 0.81, 0.85, 0.71]}","{0.3:[0.18, 0.38, 0.41, 0.33, 0.19, 0.45]}"
12066,profile_1,user,Thank you so much for your help!,8,16,"{0.35:[0.41, 0.32, 0.34, 0.32, 0.35, 0.32]}","{0.35:[0.41, 0.36, 0.35, 0.34, 0.4, 0.3]}","{0.58:[0.8, 0.65, 0.64, 0.5, 0.67, 0.61]}","{0.76:[0.83, 0.8, 0.75, 0.81, 0.85, 0.71]}","{0.3:[0.18, 0.38, 0.41, 0.33, 0.19, 0.45]}"
12066,profile_1,assistant,You're very welcome! Is there anything else I can assist you with today?,8,17,"{0.35:[0.41, 0.32, 0.34, 0.32, 0.35, 0.32]}","{0.35:[0.41, 0.36, 0.35, 0.34, 0.4, 0.3]}","{0.58:[0.8, 0.65, 0.64, 0.5, 0.67, 0.61]}","{0.76:[0.83, 0.8, 0.75, 0.81, 0.85, 0.71]}","{0.3:[0.18, 0.38, 0.41, 0.33, 0.19, 0.45]}"
12066,profile_1,user,"No, that was all.",9,18,"{0.35:[0.41, 0.32, 0.34, 0.32, 0.35, 0.32]}","{0.35:[0.41, 0.36, 0.35, 0.34, 0.4, 0.3]}","{0.58:[0.8, 0.65, 0.64, 0.5, 0.67, 0.61]}","{0.76:[0.83, 0.8, 0.75, 0.81, 0.85, 0.71]}","{0.3:[0.18, 0.38, 0.41, 0.33, 0.19, 0.45]}"
12066,profile_1,assistant,Wonderful! Have a fantastic day!,9,19,"{0.35:[0.41, 0.32, 0.34, 0.32, 0.35, 0.32]}","{0.35:[0.41, 0.36, 0.35, 0.34, 0.4, 0.3]}","{0.58:[0.8, 0.65, 0.64, 0.5, 0.67, 0.61]}","{0.76:[0.83, 0.8, 0.75, 0.81, 0.85, 0.71]}","{0.3:[0.18, 0.38, 0.41, 0.33, 0.19, 0.45]}"
1679,profile_1,user,I'm looking for an apartment that welcomes pets.,0,0,"{0.66:[0.6, 0.58, 0.67, 0.71, 0.6, 0.6]}","{0.67:[0.62, 0.76, 0.68, 0.71, 0.6, 0.74]}","{0.39:[0.8, 0.39, 0.43, 0.49, 0.39, 0.35]}","{0.71:[0.63, 0.65, 0.66, 0.65, 0.61, 0.72]}","{0.3:[0.37, 0.25, 0.36, 0.23, 0.23, 0.19]}"
1679,profile_1,assistant,Which area do you envision living in?,0,1,"{0.66:[0.6, 0.58, 0.67, 0.71, 0.6, 0.6]}","{0.67:[0.62, 0.76, 0.68, 0.71, 0.6, 0.74]}","{0.39:[0.8, 0.39, 0.43, 0.49, 0.39, 0.35]}","{0.71:[0.63, 0.65, 0.66, 0.65, 0.61, 0.72]}","{0.3:[0.37, 0.25, 0.36, 0.23, 0.23, 0.19]}"
1679,profile_1,user,Novato sounds perfect to me.,1,2,"{0.66:[0.6, 0.58, 0.67, 0.71, 0.6, 0.6]}","{0.67:[0.62, 0.76, 0.68, 0.71, 0.6, 0.74]}","{0.39:[0.8, 0.39, 0.43, 0.49, 0.39, 0.35]}","{0.71:[0.63, 0.65, 0.66, 0.65, 0.61, 0.72]}","{0.3:[0.37, 0.25, 0.36, 0.23, 0.23, 0.19]}"
1679,profile_1,assistant,How many bedrooms would you prefer?,1,3,"{0.66:[0.6, 0.58, 0.67, 0.71, 0.6, 0.6]}","{0.67:[0.62, 0.76, 0.68, 0.71, 0.6, 0.74]}","{0.39:[0.8, 0.39, 0.43, 0.49, 0.39, 0.35]}","{0.71:[0.63, 0.65, 0.66, 0.65, 0.61, 0.72]}","{0.3:[0.37, 0.25, 0.36, 0.23, 0.23, 0.19]}"
1679,profile_1,user,A single bedroom would be ideal.,2,4,"{0.66:[0.6, 0.58, 0.67, 0.71, 0.6, 0.6]}","{0.67:[0.62, 0.76, 0.68, 0.71, 0.6, 0.74]}","{0.39:[0.8, 0.39, 0.43, 0.49, 0.39, 0.35]}","{0.71:[0.63, 0.65, 0.66, 0.65, 0.61, 0.72]}","{0.3:[0.37, 0.25, 0.36, 0.23, 0.23, 0.19]}"
1679,profile_1,assistant,"I've discovered four excellent options. One of them is Bay Vista at 5 Hutchins Way, featuring 1 bedroom and 2 baths. The rent is $2950 per month.",2,5,"{0.66:[0.6, 0.58, 0.67, 0.71, 0.6, 0.6]}","{0.67:[0.62, 0.76, 0.68, 0.71, 0.6, 0.74]}","{0.39:[0.8, 0.39, 0.43, 0.49, 0.39, 0.35]}","{0.71:[0.63, 0.65, 0.66, 0.65, 0.61, 0.72]}","{0.3:[0.37, 0.25, 0.36, 0.23, 0.23, 0.19]}"
1679,profile_1,user,Are there other choices?,3,6,"{0.66:[0.6, 0.58, 0.67, 0.71, 0.6, 0.6]}","{0.67:[0.62, 0.76, 0.68, 0.71, 0.6, 0.74]}","{0.39:[0.8, 0.39, 0.43, 0.49, 0.39, 0.35]}","{0.71:[0.63, 0.65, 0.66, 0.65, 0.61, 0.72]}","{0.3:[0.37, 0.25, 0.36, 0.23, 0.23, 0.19]}"
1679,profile_1,assistant,Hill Valley Apartments at 1518 Hill Road might interest you. It has 1 bedroom and 3 baths. The rent is $4950 per month.,3,7,"{0.66:[0.6, 0.58, 0.67, 0.71, 0.6, 0.6]}","{0.67:[0.62, 0.76, 0.68, 0.71, 0.6, 0.74]}","{0.39:[0.8, 0.39, 0.43, 0.49, 0.39, 0.35]}","{0.71:[0.63, 0.65, 0.66, 0.65, 0.61, 0.72]}","{0.3:[0.37, 0.25, 0.36, 0.23, 0.23, 0.19]}"
1679,profile_1,user,Could you find one in Mountain View that includes two baths?,4,8,"{0.66:[0.6, 0.58, 0.67, 0.71, 0.6, 0.6]}","{0.67:[0.62, 0.76, 0.68, 0.71, 0.6, 0.74]}","{0.39:[0.8, 0.39, 0.43, 0.49, 0.39, 0.35]}","{0.71:[0.63, 0.65, 0.66, 0.65, 0.61, 0.72]}","{0.3:[0.37, 0.25, 0.36, 0.23, 0.23, 0.19]}"
1679,profile_1,assistant,"Americana at 707 Continental Circle is a wonderful option. It offers 1 bedroom and 2 baths, with a monthly rent of $3950.",4,9,"{0.66:[0.6, 0.58, 0.67, 0.71, 0.6, 0.6]}","{0.67:[0.62, 0.76, 0.68, 0.71, 0.6, 0.74]}","{0.39:[0.8, 0.39, 0.43, 0.49, 0.39, 0.35]}","{0.71:[0.63, 0.65, 0.66, 0.65, 0.61, 0.72]}","{0.3:[0.37, 0.25, 0.36, 0.23, 0.23, 0.19]}"
1679,profile_1,user,This seems promising.,5,10,"{0.66:[0.6, 0.58, 0.67, 0.71, 0.6, 0.6]}","{0.67:[0.62, 0.76, 0.68, 0.71, 0.6, 0.74]}","{0.39:[0.8, 0.39, 0.43, 0.49, 0.39, 0.35]}","{0.71:[0.63, 0.65, 0.66, 0.65, 0.61, 0.72]}","{0.3:[0.37, 0.25, 0.36, 0.23, 0.23, 0.19]}"
1679,profile_1,assistant,Would you like to arrange a visit?,5,11,"{0.66:[0.6, 0.58, 0.67, 0.71, 0.6, 0.6]}","{0.67:[0.62, 0.76, 0.68, 0.71, 0.6, 0.74]}","{0.39:[0.8, 0.39, 0.43, 0.49, 0.39, 0.35]}","{0.71:[0.63, 0.65, 0.66, 0.65, 0.61, 0.72]}","{0.3:[0.37, 0.25, 0.36, 0.23, 0.23, 0.19]}"
1679,profile_1,user,"Yes, please schedule it for March 13th.",6,12,"{0.66:[0.6, 0.58, 0.67, 0.71, 0.6, 0.6]}","{0.67:[0.62, 0.76, 0.68, 0.71, 0.6, 0.74]}","{0.39:[0.8, 0.39, 0.43, 0.49, 0.39, 0.35]}","{0.71:[0.63, 0.65, 0.66, 0.65, 0.61, 0.72]}","{0.3:[0.37, 0.25, 0.36, 0.23, 0.23, 0.19]}"
1679,profile_1,assistant,Confirming that you wish to visit Americana on March 13th to view the property.,6,13,"{0.66:[0.6, 0.58, 0.67, 0.71, 0.6, 0.6]}","{0.67:[0.62, 0.76, 0.68, 0.71, 0.6, 0.74]}","{0.39:[0.8, 0.39, 0.43, 0.49, 0.39, 0.35]}","{0.71:[0.63, 0.65, 0.66, 0.65, 0.61, 0.72]}","{0.3:[0.37, 0.25, 0.36, 0.23, 0.23, 0.19]}"
1679,profile_1,user,"Yes, that's correct. Is the apartment furnished?",7,14,"{0.66:[0.6, 0.58, 0.67, 0.71, 0.6, 0.6]}","{0.67:[0.62, 0.76, 0.68, 0.71, 0.6, 0.74]}","{0.39:[0.8, 0.39, 0.43, 0.49, 0.39, 0.35]}","{0.71:[0.63, 0.65, 0.66, 0.65, 0.61, 0.72]}","{0.3:[0.37, 0.25, 0.36, 0.23, 0.23, 0.19]}"
1679,profile_1,assistant,"It is not furnished, and I've scheduled your visit accordingly.",7,15,"{0.66:[0.6, 0.58, 0.67, 0.71, 0.6, 0.6]}","{0.67:[0.62, 0.76, 0.68, 0.71, 0.6, 0.74]}","{0.39:[0.8, 0.39, 0.43, 0.49, 0.39, 0.35]}","{0.71:[0.63, 0.65, 0.66, 0.65, 0.61, 0.72]}","{0.3:[0.37, 0.25, 0.36, 0.23, 0.23, 0.19]}"
1679,profile_1,user,Thank you very much.,8,16,"{0.66:[0.6, 0.58, 0.67, 0.71, 0.6, 0.6]}","{0.67:[0.62, 0.76, 0.68, 0.71, 0.6, 0.74]}","{0.39:[0.8, 0.39, 0.43, 0.49, 0.39, 0.35]}","{0.71:[0.63, 0.65, 0.66, 0.65, 0.61, 0.72]}","{0.3:[0.37, 0.25, 0.36, 0.23, 0.23, 0.19]}"
1679,profile_1,assistant,Is there anything else I can assist you with?,8,17,"{0.66:[0.6, 0.58, 0.67, 0.71, 0.6, 0.6]}","{0.67:[0.62, 0.76, 0.68, 0.71, 0.6, 0.74]}","{0.39:[0.8, 0.39, 0.43, 0.49, 0.39, 0.35]}","{0.71:[0.63, 0.65, 0.66, 0.65, 0.61, 0.72]}","{0.3:[0.37, 0.25, 0.36, 0.23, 0.23, 0.19]}"
1679,profile_1,user,"No, thank you.",9,18,"{0.66:[0.6, 0.58, 0.67, 0.71, 0.6, 0.6]}","{0.67:[0.62, 0.76, 0.68, 0.71, 0.6, 0.74]}","{0.39:[0.8, 0.39, 0.43, 0.49, 0.39, 0.35]}","{0.71:[0.63, 0.65, 0.66, 0.65, 0.61, 0.72]}","{0.3:[0.37, 0.25, 0.36, 0.23, 0.23, 0.19]}"
1679,profile_1,assistant,Have a delightful day!,9,19,"{0.66:[0.6, 0.58, 0.67, 0.71, 0.6, 0.6]}","{0.67:[0.62, 0.76, 0.68, 0.71, 0.6, 0.74]}","{0.39:[0.8, 0.39, 0.43, 0.49, 0.39, 0.35]}","{0.71:[0.63, 0.65, 0.66, 0.65, 0.61, 0.72]}","{0.3:[0.37, 0.25, 0.36, 0.23, 0.23, 0.19]}"
